id_pregunta;pregunta;estrategia;rank;intervention_id;texto;nota_manual_1_a_7
Q1;1. ¿Qué argumentos a favor y en contra surgieron en el debate sobre la reducción de la jornada laboral a 40 horas semanales, considerando aspectos como la conciliación entre la vida familiar y el trabajo, la productividad y el efecto sobre las pymes?;1_Dense;1;i57747;las jornadas laborales para los conductores, en cuanto al sentido de la ley de las 40 horas, de hacer todas las armonizaciones en las normas antielusión, de permitir al Banco Central suscribir nuevas cuotas ante el Fondo Monetario Internacional, pero me parece excesivo incorporar aquí cuestiones tan sensibles como las materias que están contenidas en el Código de Aguas, en el Plan de Cambio Climático, etcétera.<br/>;3
Q1;1. ¿Qué argumentos a favor y en contra surgieron en el debate sobre la reducción de la jornada laboral a 40 horas semanales, considerando aspectos como la conciliación entre la vida familiar y el trabajo, la productividad y el efecto sobre las pymes?;1_Dense;2;i64830;las jornadas laborales para los conductores, en cuanto al sentido de la ley de las 40 horas, de hacer todas las armonizaciones en las normas antielusión, de permitir al Banco Central suscribir nuevas cuotas ante el Fondo Monetario Internacional, pero me parece excesivo incorporar aquí cuestiones tan sensibles como las materias que están contenidas en el Código de Aguas, en el Plan de Cambio Climático, etcétera.<br/>;3
Q1;1. ¿Qué argumentos a favor y en contra surgieron en el debate sobre la reducción de la jornada laboral a 40 horas semanales, considerando aspectos como la conciliación entre la vida familiar y el trabajo, la productividad y el efecto sobre las pymes?;1_Dense;3;i53492;idad que, dentro de una perspectiva de mediano plazo, nos debería insumar de mejores elementos para hablar no solamente del sueldo mínimo, porque sabemos que el sueldo mínimo no cubre las necesidades. Necesitamos avanzar en un salario vital. Por otra parte, necesitamos avanzar en la negociación ramal para que los trabajadores y trabajadoras puedan tener mejores herramientas de negociación. Por último, a quienes están tan preocupados por las pymes les digo que tenemos un subsidio que vamos a impl;2
Q1;1. ¿Qué argumentos a favor y en contra surgieron en el debate sobre la reducción de la jornada laboral a 40 horas semanales, considerando aspectos como la conciliación entre la vida familiar y el trabajo, la productividad y el efecto sobre las pymes?;1_Dense;4;i55200;las mascotas -tema sensible-, haya una parte de este Congreso que haya descubierto que la flexibilidad laboral beneficia al trabajador y no - como muchas veces dicen- a los grandes empresarios. Espero que esta norma de flexibilidad laboral sea el inicio de una discusión más profunda acerca de cómo introducir más normas de este tipo que beneficien a los trabajadores, para que puedan llevar adelante su proyecto de vida, que no es solo trabajar, para que puedan acordar con el empleador distintos re;5
Q1;1. ¿Qué argumentos a favor y en contra surgieron en el debate sobre la reducción de la jornada laboral a 40 horas semanales, considerando aspectos como la conciliación entre la vida familiar y el trabajo, la productividad y el efecto sobre las pymes?;1_Dense;5;i54914;por ciento de los votos a favor en la comisión, hay cabos sueltos. Primero, no concurre ni el Ministerio de Salud ni el Ministerio del Trabajo a patrocinar, a acompañar o a darnos su opinión en la Sala sobre este proyecto y, segundo, aunque disponga que las horas de ausencia sean recuperables, me parece que en algún grado esta iniciativa puede irrogar gastos. Me habría gustado, para poder apoyarlo, tener no solo la confirmación del Ministerio de Salud y del Ministerio del Trabajo, sino también c;2
Q1;1. ¿Qué argumentos a favor y en contra surgieron en el debate sobre la reducción de la jornada laboral a 40 horas semanales, considerando aspectos como la conciliación entre la vida familiar y el trabajo, la productividad y el efecto sobre las pymes?;2_GraphRAG;1;i57747;las jornadas laborales para los conductores, en cuanto al sentido de la ley de las 40 horas, de hacer todas las armonizaciones en las normas antielusión, de permitir al Banco Central suscribir nuevas cuotas ante el Fondo Monetario Internacional, pero me parece excesivo incorporar aquí cuestiones tan sensibles como las materias que están contenidas en el Código de Aguas, en el Plan de Cambio Climático, etcétera.<br/>;3
Q1;1. ¿Qué argumentos a favor y en contra surgieron en el debate sobre la reducción de la jornada laboral a 40 horas semanales, considerando aspectos como la conciliación entre la vida familiar y el trabajo, la productividad y el efecto sobre las pymes?;2_GraphRAG;2;i64830;las jornadas laborales para los conductores, en cuanto al sentido de la ley de las 40 horas, de hacer todas las armonizaciones en las normas antielusión, de permitir al Banco Central suscribir nuevas cuotas ante el Fondo Monetario Internacional, pero me parece excesivo incorporar aquí cuestiones tan sensibles como las materias que están contenidas en el Código de Aguas, en el Plan de Cambio Climático, etcétera.<br/>;3
Q1;1. ¿Qué argumentos a favor y en contra surgieron en el debate sobre la reducción de la jornada laboral a 40 horas semanales, considerando aspectos como la conciliación entre la vida familiar y el trabajo, la productividad y el efecto sobre las pymes?;2_GraphRAG;3;i53492;idad que, dentro de una perspectiva de mediano plazo, nos debería insumar de mejores elementos para hablar no solamente del sueldo mínimo, porque sabemos que el sueldo mínimo no cubre las necesidades. Necesitamos avanzar en un salario vital. Por otra parte, necesitamos avanzar en la negociación ramal para que los trabajadores y trabajadoras puedan tener mejores herramientas de negociación. Por último, a quienes están tan preocupados por las pymes les digo que tenemos un subsidio que vamos a impl;2
Q1;1. ¿Qué argumentos a favor y en contra surgieron en el debate sobre la reducción de la jornada laboral a 40 horas semanales, considerando aspectos como la conciliación entre la vida familiar y el trabajo, la productividad y el efecto sobre las pymes?;2_GraphRAG;4;i55200;las mascotas -tema sensible-, haya una parte de este Congreso que haya descubierto que la flexibilidad laboral beneficia al trabajador y no - como muchas veces dicen- a los grandes empresarios. Espero que esta norma de flexibilidad laboral sea el inicio de una discusión más profunda acerca de cómo introducir más normas de este tipo que beneficien a los trabajadores, para que puedan llevar adelante su proyecto de vida, que no es solo trabajar, para que puedan acordar con el empleador distintos re;5
Q1;1. ¿Qué argumentos a favor y en contra surgieron en el debate sobre la reducción de la jornada laboral a 40 horas semanales, considerando aspectos como la conciliación entre la vida familiar y el trabajo, la productividad y el efecto sobre las pymes?;2_GraphRAG;5;i54914;por ciento de los votos a favor en la comisión, hay cabos sueltos. Primero, no concurre ni el Ministerio de Salud ni el Ministerio del Trabajo a patrocinar, a acompañar o a darnos su opinión en la Sala sobre este proyecto y, segundo, aunque disponga que las horas de ausencia sean recuperables, me parece que en algún grado esta iniciativa puede irrogar gastos. Me habría gustado, para poder apoyarlo, tener no solo la confirmación del Ministerio de Salud y del Ministerio del Trabajo, sino también c;2
Q1;1. ¿Qué argumentos a favor y en contra surgieron en el debate sobre la reducción de la jornada laboral a 40 horas semanales, considerando aspectos como la conciliación entre la vida familiar y el trabajo, la productividad y el efecto sobre las pymes?;3_Sparse;1;;Señor Presidente, lamento la presencia en la Sala de tan solo 41 di- putados, de un total de 120, mientras se debate el futuro de los trabajadores y del movimiento sindical de nuestro país. Soy integrante de la Comisión de Trabajo de esta Corporación y he sido, desde su origen, parte del debate de esta denominada “reforma laboral”. Digo que estamos ante una reforma laboral entre comillas porque todos sabemos que en realidad no se trata de una reforma, sino de una pequeña modificación al Código d;2
Q1;1. ¿Qué argumentos a favor y en contra surgieron en el debate sobre la reducción de la jornada laboral a 40 horas semanales, considerando aspectos como la conciliación entre la vida familiar y el trabajo, la productividad y el efecto sobre las pymes?;3_Sparse;2;;Señor Presidente, por su intermedio, saludo a don Arturo Escarez, dirigente de los asistentes de la educación que está en las tribunas, y, a la distancia, a muchos dirigentes de las comunas de mi distrito, principalmente de Lota, Arauco, Los Álamos, Lebu, Cañete, Tirúa, Contulmo y Curanilahue, quienes me han estado llamando y enviando algunos correos por la inquietud que tienen respecto de la forma en que serán trata- dos en el reajuste del sector público. Tengo en mi poder lo que se denomina in;1
Q1;1. ¿Qué argumentos a favor y en contra surgieron en el debate sobre la reducción de la jornada laboral a 40 horas semanales, considerando aspectos como la conciliación entre la vida familiar y el trabajo, la productividad y el efecto sobre las pymes?;3_Sparse;3;;Señor Presidente, por su intermedio saludo a los representantes de los trabajadores municipales que nos acompañan en las tribunas, con lo cual demuestran, una vez más, la responsabilidad con que actúan siempre, en este caso, a través del seguimiento que han dado al debate de un proyecto de ley que beneficia directamente a sus representados. Asimismo, saludo, sin formalismos, al subsecretario de Desarrollo Regional, Ricardo Ci- fuentes, quien encarna la sensibilidad del gobierno para acoger una d;1
Q1;1. ¿Qué argumentos a favor y en contra surgieron en el debate sobre la reducción de la jornada laboral a 40 horas semanales, considerando aspectos como la conciliación entre la vida familiar y el trabajo, la productividad y el efecto sobre las pymes?;3_Sparse;4;;quiero destacarlo! Todos preferíamos que el nuevo sistema partiera en 2016, pero la demora en el trámite le- gislativo impide que el proyecto se promulgue antes de marzo de este año. Los planes anua- les de desarrollo educativo municipal (Padem) ya fueron elaborados, por lo que resulta abso- lutamente imposible partir en 2016. No es un problema de recursos o de otra índole, es la imposibilidad real de que los 12.000 establecimientos, sobre todo los 5.500 que son públicos, puedan incorporarse ant;1
Q1;1. ¿Qué argumentos a favor y en contra surgieron en el debate sobre la reducción de la jornada laboral a 40 horas semanales, considerando aspectos como la conciliación entre la vida familiar y el trabajo, la productividad y el efecto sobre las pymes?;3_Sparse;5;;Reitero que considero que las adecuaciones necesarias incorporan la flexibilidad que garantice a los trabajadores que no están en huelga el poder ejercer sus derechos. De igual modo, la obligación de negociar con sindicatos interempresa prácticamente ha desaparecido en los países más avanzados, dadas la marcada heterogeneidad de las empresas y la productividad y la capacidad financiera que tienen. Ello no estaba considerado en el programa de gobierno. ¿Por qué no? Porque no me cabe duda de que e;3
Q1;1. ¿Qué argumentos a favor y en contra surgieron en el debate sobre la reducción de la jornada laboral a 40 horas semanales, considerando aspectos como la conciliación entre la vida familiar y el trabajo, la productividad y el efecto sobre las pymes?;4_Hybrid;1;i60474;, y que son mujeres. Si esto se lleva al plano económico y uno trata de explicarse las razones por las cuales algunos parlamentarios no acompañaron este proceso -no digo en el Senado, sino en la Cámara en su momento-, tal vez concluya que pueden ser razones económicas.<br/>Pero la propia OIT ha señalado en distintos informes que esto mueve la economía. Estamos hablando de cientos de miles de personas que requieren que sean resueltos aspectos básicos que hoy día les impiden entrar al mercado labo;2
Q1;1. ¿Qué argumentos a favor y en contra surgieron en el debate sobre la reducción de la jornada laboral a 40 horas semanales, considerando aspectos como la conciliación entre la vida familiar y el trabajo, la productividad y el efecto sobre las pymes?;4_Hybrid;2;i64327;, y que son mujeres. Si esto se lleva al plano económico y uno trata de explicarse las razones por las cuales algunos parlamentarios no acompañaron este proceso -no digo en el Senado, sino en la Cámara en su momento-, tal vez concluya que pueden ser razones económicas.<br/>Pero la propia OIT ha señalado en distintos informes que esto mueve la economía. Estamos hablando de cientos de miles de personas que requieren que sean resueltos aspectos básicos que hoy día les impiden entrar al mercado labo;2
Q1;1. ¿Qué argumentos a favor y en contra surgieron en el debate sobre la reducción de la jornada laboral a 40 horas semanales, considerando aspectos como la conciliación entre la vida familiar y el trabajo, la productividad y el efecto sobre las pymes?;4_Hybrid;3;i55200;las mascotas -tema sensible-, haya una parte de este Congreso que haya descubierto que la flexibilidad laboral beneficia al trabajador y no - como muchas veces dicen- a los grandes empresarios. Espero que esta norma de flexibilidad laboral sea el inicio de una discusión más profunda acerca de cómo introducir más normas de este tipo que beneficien a los trabajadores, para que puedan llevar adelante su proyecto de vida, que no es solo trabajar, para que puedan acordar con el empleador distintos re;5
Q1;1. ¿Qué argumentos a favor y en contra surgieron en el debate sobre la reducción de la jornada laboral a 40 horas semanales, considerando aspectos como la conciliación entre la vida familiar y el trabajo, la productividad y el efecto sobre las pymes?;4_Hybrid;4;i57747;las jornadas laborales para los conductores, en cuanto al sentido de la ley de las 40 horas, de hacer todas las armonizaciones en las normas antielusión, de permitir al Banco Central suscribir nuevas cuotas ante el Fondo Monetario Internacional, pero me parece excesivo incorporar aquí cuestiones tan sensibles como las materias que están contenidas en el Código de Aguas, en el Plan de Cambio Climático, etcétera.<br/>;3
Q1;1. ¿Qué argumentos a favor y en contra surgieron en el debate sobre la reducción de la jornada laboral a 40 horas semanales, considerando aspectos como la conciliación entre la vida familiar y el trabajo, la productividad y el efecto sobre las pymes?;4_Hybrid;5;i54914;por ciento de los votos a favor en la comisión, hay cabos sueltos. Primero, no concurre ni el Ministerio de Salud ni el Ministerio del Trabajo a patrocinar, a acompañar o a darnos su opinión en la Sala sobre este proyecto y, segundo, aunque disponga que las horas de ausencia sean recuperables, me parece que en algún grado esta iniciativa puede irrogar gastos. Me habría gustado, para poder apoyarlo, tener no solo la confirmación del Ministerio de Salud y del Ministerio del Trabajo, sino también c;2
Q2;2. En torno a la despenalización del aborto, la interrupción voluntaria del embarazo, los derechos reproductivos y la objeción de conciencia, ¿cómo se diferencia la manera en que se han pronunciado los legisladores hombres frente a las legisladoras mujeres?;1_Dense;1;i54379;haya un grupo de diputados que prefiere que no se identifiquen esos restos, tal como lo ha manifestado en sus discursos la gran mayoría de los diputados de enfrente. Eso me llama la atención, porque ellos hablan de humanidad y de un montón de términos buenos, pero no los aplican siempre, sino que los aplican de acuerdo con la conveniencia, y eso, para ser bien sincera, encuentro que es una pena. He dicho.;1
Q2;2. En torno a la despenalización del aborto, la interrupción voluntaria del embarazo, los derechos reproductivos y la objeción de conciencia, ¿cómo se diferencia la manera en que se han pronunciado los legisladores hombres frente a las legisladoras mujeres?;1_Dense;2;i60516;La señora PASCUAL.- Gracias, Presidente.En primer lugar, quiero defender que se mantenga la frase ́la paridad de género ́ en el inciso final del artículo 15, puesto que la antecede la palabra ́promoviendo ́ dicha consideración y no ́obligando ́ a establecerla.<br/>En segundo lugar, me va a disculpar, Presidente, pero estamos hablando de que esta tarea de cuidados principal y mayoritariamente la realizan mujeres. Estamos hablando de promover la paridad entre hombres y mujeres. Podríamos haber det;2
Q2;2. En torno a la despenalización del aborto, la interrupción voluntaria del embarazo, los derechos reproductivos y la objeción de conciencia, ¿cómo se diferencia la manera en que se han pronunciado los legisladores hombres frente a las legisladoras mujeres?;1_Dense;3;i64369;La señora PASCUAL.- Gracias, Presidente.En primer lugar, quiero defender que se mantenga la frase ́la paridad de género ́ en el inciso final del artículo 15, puesto que la antecede la palabra ́promoviendo ́ dicha consideración y no ́obligando ́ a establecerla.<br/>En segundo lugar, me va a disculpar, Presidente, pero estamos hablando de que esta tarea de cuidados principal y mayoritariamente la realizan mujeres. Estamos hablando de promover la paridad entre hombres y mujeres. Podríamos haber det;2
Q2;2. En torno a la despenalización del aborto, la interrupción voluntaria del embarazo, los derechos reproductivos y la objeción de conciencia, ¿cómo se diferencia la manera en que se han pronunciado los legisladores hombres frente a las legisladoras mujeres?;1_Dense;4;i55170;5° B tiene dos incisos que se complementan y entienden en conjunto. Efectivamente, la primera parte dispone que “Los miembros de cada una de las Cámaras no podrán promover ni votar ningún asunto que interese directa o personalmente a ellos o a sus cónyuges, ascendientes, descendientes o colaterales hasta el tercer grado de consanguinidad y el segundo de afinidad, inclusive, o a las personas ligadas a ellos por adopción. Con todo, podrán participar en el debate advirtiendo previamente el interés ;1
Q2;2. En torno a la despenalización del aborto, la interrupción voluntaria del embarazo, los derechos reproductivos y la objeción de conciencia, ¿cómo se diferencia la manera en que se han pronunciado los legisladores hombres frente a las legisladoras mujeres?;1_Dense;5;i54798;, uno esperaría que en esta Cámara tuviéramos siempre conciencia de los efectos de nuestras palabras, para no generar mayor revictimización, sobre todo cuando hablamos de hechos tan graves como el femicidio y la violencia intrafamiliar, y de las consecuencias que tienen en la vida de las familias chilenas. He dicho.;2
Q2;2. En torno a la despenalización del aborto, la interrupción voluntaria del embarazo, los derechos reproductivos y la objeción de conciencia, ¿cómo se diferencia la manera en que se han pronunciado los legisladores hombres frente a las legisladoras mujeres?;2_GraphRAG;1;i54379;haya un grupo de diputados que prefiere que no se identifiquen esos restos, tal como lo ha manifestado en sus discursos la gran mayoría de los diputados de enfrente. Eso me llama la atención, porque ellos hablan de humanidad y de un montón de términos buenos, pero no los aplican siempre, sino que los aplican de acuerdo con la conveniencia, y eso, para ser bien sincera, encuentro que es una pena. He dicho.;1
Q2;2. En torno a la despenalización del aborto, la interrupción voluntaria del embarazo, los derechos reproductivos y la objeción de conciencia, ¿cómo se diferencia la manera en que se han pronunciado los legisladores hombres frente a las legisladoras mujeres?;2_GraphRAG;2;i60516;La señora PASCUAL.- Gracias, Presidente.En primer lugar, quiero defender que se mantenga la frase ́la paridad de género ́ en el inciso final del artículo 15, puesto que la antecede la palabra ́promoviendo ́ dicha consideración y no ́obligando ́ a establecerla.<br/>En segundo lugar, me va a disculpar, Presidente, pero estamos hablando de que esta tarea de cuidados principal y mayoritariamente la realizan mujeres. Estamos hablando de promover la paridad entre hombres y mujeres. Podríamos haber det;2
Q2;2. En torno a la despenalización del aborto, la interrupción voluntaria del embarazo, los derechos reproductivos y la objeción de conciencia, ¿cómo se diferencia la manera en que se han pronunciado los legisladores hombres frente a las legisladoras mujeres?;2_GraphRAG;3;i64369;La señora PASCUAL.- Gracias, Presidente.En primer lugar, quiero defender que se mantenga la frase ́la paridad de género ́ en el inciso final del artículo 15, puesto que la antecede la palabra ́promoviendo ́ dicha consideración y no ́obligando ́ a establecerla.<br/>En segundo lugar, me va a disculpar, Presidente, pero estamos hablando de que esta tarea de cuidados principal y mayoritariamente la realizan mujeres. Estamos hablando de promover la paridad entre hombres y mujeres. Podríamos haber det;2
Q2;2. En torno a la despenalización del aborto, la interrupción voluntaria del embarazo, los derechos reproductivos y la objeción de conciencia, ¿cómo se diferencia la manera en que se han pronunciado los legisladores hombres frente a las legisladoras mujeres?;2_GraphRAG;4;i55170;5° B tiene dos incisos que se complementan y entienden en conjunto. Efectivamente, la primera parte dispone que “Los miembros de cada una de las Cámaras no podrán promover ni votar ningún asunto que interese directa o personalmente a ellos o a sus cónyuges, ascendientes, descendientes o colaterales hasta el tercer grado de consanguinidad y el segundo de afinidad, inclusive, o a las personas ligadas a ellos por adopción. Con todo, podrán participar en el debate advirtiendo previamente el interés ;1
Q2;2. En torno a la despenalización del aborto, la interrupción voluntaria del embarazo, los derechos reproductivos y la objeción de conciencia, ¿cómo se diferencia la manera en que se han pronunciado los legisladores hombres frente a las legisladoras mujeres?;2_GraphRAG;5;i54798;, uno esperaría que en esta Cámara tuviéramos siempre conciencia de los efectos de nuestras palabras, para no generar mayor revictimización, sobre todo cuando hablamos de hechos tan graves como el femicidio y la violencia intrafamiliar, y de las consecuencias que tienen en la vida de las familias chilenas. He dicho.;2
Q2;2. En torno a la despenalización del aborto, la interrupción voluntaria del embarazo, los derechos reproductivos y la objeción de conciencia, ¿cómo se diferencia la manera en que se han pronunciado los legisladores hombres frente a las legisladoras mujeres?;3_Sparse;1;;título en adelante, el que hace referencia a la interrupción del embarazo, más aún, a la despenalización de la interrupción voluntaria del embarazo. ¿Pe- ro de qué despenalización estamos hablando si en el artículo 342 y siguientes del Código Penal se habla de aborto? ¿Qué es lo que se está despenalizando? ¿No habrá sido una estra- tegia mañosa para lograr el voto de quienes todavía tienen temor de enfrentar a sus electores y no se atreven a reconocer que lo que están promoviendo con este proyec;7
Q2;2. En torno a la despenalización del aborto, la interrupción voluntaria del embarazo, los derechos reproductivos y la objeción de conciencia, ¿cómo se diferencia la manera en que se han pronunciado los legisladores hombres frente a las legisladoras mujeres?;3_Sparse;2;;Señor Presidente, estimados colegas: saludo a nuestras ministras presentes, a las organizaciones que nos acompañan, especialmente a las que promueven los derechos de las mujeres, y a las mujeres y los hombres presentes en este debate. Cierto es que hemos demorado, pero igual creo que hoy estamos ante un momento histó- rico al restablecer una normativa que hace más de treinta años existía en nuestro país. Recordemos que la interrupción del embarazo por razones terapéuticas fue una legítima presta;7
Q2;2. En torno a la despenalización del aborto, la interrupción voluntaria del embarazo, los derechos reproductivos y la objeción de conciencia, ¿cómo se diferencia la manera en que se han pronunciado los legisladores hombres frente a las legisladoras mujeres?;3_Sparse;3;;en alguna de las causales prevista en el proyecto de ley. Desde luego, se trata de un derecho propio del médico que interviene, en tanto persona natural. Como contrapartida, el prestador de salud tiene la obligación de derivar a la mujer a un profesional que no esté afectado por la objeción de conciencia. Con todo, la objeción de conciencia no puede ser obstáculo en los casos excepcionales en que la mujer requiere una interrupción del embarazo en forma inmediata e impostergable, y no existe otro;7
Q2;2. En torno a la despenalización del aborto, la interrupción voluntaria del embarazo, los derechos reproductivos y la objeción de conciencia, ¿cómo se diferencia la manera en que se han pronunciado los legisladores hombres frente a las legisladoras mujeres?;3_Sparse;4;;. c) Con relación a los casos de embarazos secundarios originados por violencia sexual, no hay datos que permitan dimensionar la magnitud de la situación, pues no existen registros estadísticos integrados, a lo cual se suma la variable de la no denuncia mayoritaria de este tipo de hechos. Se estima que la probabilidad de embarazo producto de una violación se aproxima al 10 por ciento. Las estimaciones oscilan entre el 3, el 5 y el 17 por ciento, según la fuente de los estudios analizados. Las ci;7
Q2;2. En torno a la despenalización del aborto, la interrupción voluntaria del embarazo, los derechos reproductivos y la objeción de conciencia, ¿cómo se diferencia la manera en que se han pronunciado los legisladores hombres frente a las legisladoras mujeres?;3_Sparse;5;;embarazo, pues no se condicionará en ningún caso su decisión. Estamos convencidos, y lo dijimos durante el debate, de que aque- llas mujeres que decidan seguir adelante con su embarazo deben ser apoyadas, lo mismo debe ocurrir con aquellas mujeres que decidan interrumpirlo por cualquiera de las tres causa- les que se discuten. Creemos que en ello no debe hacerse diferencia, porque se trata de un derecho completamente adquirido. Señor Presidente, algunos han dicho que la legislación que penaliza ;7
Q2;2. En torno a la despenalización del aborto, la interrupción voluntaria del embarazo, los derechos reproductivos y la objeción de conciencia, ¿cómo se diferencia la manera en que se han pronunciado los legisladores hombres frente a las legisladoras mujeres?;4_Hybrid;1;i60516;La señora PASCUAL.- Gracias, Presidente.En primer lugar, quiero defender que se mantenga la frase ́la paridad de género ́ en el inciso final del artículo 15, puesto que la antecede la palabra ́promoviendo ́ dicha consideración y no ́obligando ́ a establecerla.<br/>En segundo lugar, me va a disculpar, Presidente, pero estamos hablando de que esta tarea de cuidados principal y mayoritariamente la realizan mujeres. Estamos hablando de promover la paridad entre hombres y mujeres. Podríamos haber det;2
Q2;2. En torno a la despenalización del aborto, la interrupción voluntaria del embarazo, los derechos reproductivos y la objeción de conciencia, ¿cómo se diferencia la manera en que se han pronunciado los legisladores hombres frente a las legisladoras mujeres?;4_Hybrid;2;i54379;haya un grupo de diputados que prefiere que no se identifiquen esos restos, tal como lo ha manifestado en sus discursos la gran mayoría de los diputados de enfrente. Eso me llama la atención, porque ellos hablan de humanidad y de un montón de términos buenos, pero no los aplican siempre, sino que los aplican de acuerdo con la conveniencia, y eso, para ser bien sincera, encuentro que es una pena. He dicho.;1
Q2;2. En torno a la despenalización del aborto, la interrupción voluntaria del embarazo, los derechos reproductivos y la objeción de conciencia, ¿cómo se diferencia la manera en que se han pronunciado los legisladores hombres frente a las legisladoras mujeres?;4_Hybrid;3;i55170;5° B tiene dos incisos que se complementan y entienden en conjunto. Efectivamente, la primera parte dispone que “Los miembros de cada una de las Cámaras no podrán promover ni votar ningún asunto que interese directa o personalmente a ellos o a sus cónyuges, ascendientes, descendientes o colaterales hasta el tercer grado de consanguinidad y el segundo de afinidad, inclusive, o a las personas ligadas a ellos por adopción. Con todo, podrán participar en el debate advirtiendo previamente el interés ;1
Q2;2. En torno a la despenalización del aborto, la interrupción voluntaria del embarazo, los derechos reproductivos y la objeción de conciencia, ¿cómo se diferencia la manera en que se han pronunciado los legisladores hombres frente a las legisladoras mujeres?;4_Hybrid;4;i54798;, uno esperaría que en esta Cámara tuviéramos siempre conciencia de los efectos de nuestras palabras, para no generar mayor revictimización, sobre todo cuando hablamos de hechos tan graves como el femicidio y la violencia intrafamiliar, y de las consecuencias que tienen en la vida de las familias chilenas. He dicho.;2
Q2;2. En torno a la despenalización del aborto, la interrupción voluntaria del embarazo, los derechos reproductivos y la objeción de conciencia, ¿cómo se diferencia la manera en que se han pronunciado los legisladores hombres frente a las legisladoras mujeres?;4_Hybrid;5;i54298;bles. En este momento les digo a todos los colegas -¡a los colegas!, porque es una cuestión sobre la que llega a dar vergüenza ajena, como dijo la diputada Molina- que, si no quieren interpretar a las mujeres, háganles alguna vez sentido a las mujeres de este hemiciclo y voten a favor. He dicho.;3
Q3;3. Sobre el impacto ambiental de la minería, el royalty minero, la escasez hídrica y el desarrollo de las comunidades del norte, ¿qué diferencias se observan entre lo que plantean quienes representan distritos con comunas mineras y quienes representan zonas sin actividad minera?;1_Dense;1;i59010;El señor KUSCHEL.- Gracias, señor Presidente.<br/>Quiero partir agradeciendo la exposición de la señora ministra y también hacer algunas preguntas, un poquito cargadas de afirmaciones.<br/>En primer lugar, quiero solicitar un listado de los proyectos de inversión pública y privada, detenidos y reactivados, con indicación de las fechas en que fueron detenidos y -más o menos- los montos de inversión considerados (ojalá por cada una de las comunas del país o, por lo menos, las de mi región). Porque;1
Q3;3. Sobre el impacto ambiental de la minería, el royalty minero, la escasez hídrica y el desarrollo de las comunidades del norte, ¿qué diferencias se observan entre lo que plantean quienes representan distritos con comunas mineras y quienes representan zonas sin actividad minera?;1_Dense;2;i62739;El señor KUSCHEL.- Gracias, señor Presidente.<br/>Quiero partir agradeciendo la exposición de la señora ministra y también hacer algunas preguntas, un poquito cargadas de afirmaciones.<br/>En primer lugar, quiero solicitar un listado de los proyectos de inversión pública y privada, detenidos y reactivados, con indicación de las fechas en que fueron detenidos y -más o menos- los montos de inversión considerados (ojalá por cada una de las comunas del país o, por lo menos, las de mi región). Porque;1
Q3;3. Sobre el impacto ambiental de la minería, el royalty minero, la escasez hídrica y el desarrollo de las comunidades del norte, ¿qué diferencias se observan entre lo que plantean quienes representan distritos con comunas mineras y quienes representan zonas sin actividad minera?;1_Dense;3;i54966;mineras de la zona norte, alejados de sus familias. Si bien son actividades rentables, el contacto familiar se va perdiendo, a pesar de que supuestamente este gobierno ha tratado de fomentar que exista un mayor relacionamiento entre los integrantes de las familias y mejores incentivos para la contratación de mujeres. Creo que algo se avanza con este proyecto, sin embargo, en la Región de La Araucanía tenemos serios problemas, porque nadie querrá invertir ni utilizar este tipo de iniciativas si l;4
Q3;3. Sobre el impacto ambiental de la minería, el royalty minero, la escasez hídrica y el desarrollo de las comunidades del norte, ¿qué diferencias se observan entre lo que plantean quienes representan distritos con comunas mineras y quienes representan zonas sin actividad minera?;1_Dense;4;i56036;Señorita Presidenta, la discusión sobre la regulación de la extracción de áridos no es un tema menor ni meramente técnico, es una cuestión de orden territorial, de protección ambiental y de justicia para con las comunidades que por años han cargado con las consecuencias de una actividad poco fiscalizada. En muchas comunas -lo digo con fuerza- de regiones como la del Biobío, la extracción de áridos se ha desarrollado sin reglas claras, lo que ha generado deterioro en los ríos, afectaciones en las;3
Q3;3. Sobre el impacto ambiental de la minería, el royalty minero, la escasez hídrica y el desarrollo de las comunidades del norte, ¿qué diferencias se observan entre lo que plantean quienes representan distritos con comunas mineras y quienes representan zonas sin actividad minera?;1_Dense;5;i55106;Señor Presidente, cuando hablamos de proteger y defender el medio ambiente, muchas veces se ridiculiza en esta Sala. Además, se establece una falsa dicotomía entre el progreso y la protección de los ecosistemas, como si la única posibilidad de desarrollo económico fuera la destrucción no solo del medio ambiente, sino también de las personas, porque, cuando se destruyen los ecosistemas, también se afecta la salud y la vida de comunidades pobres. Esa es la verdad, porque esto no pasa en Vitacura n;2
Q3;3. Sobre el impacto ambiental de la minería, el royalty minero, la escasez hídrica y el desarrollo de las comunidades del norte, ¿qué diferencias se observan entre lo que plantean quienes representan distritos con comunas mineras y quienes representan zonas sin actividad minera?;2_GraphRAG;1;i59010;El señor KUSCHEL.- Gracias, señor Presidente.<br/>Quiero partir agradeciendo la exposición de la señora ministra y también hacer algunas preguntas, un poquito cargadas de afirmaciones.<br/>En primer lugar, quiero solicitar un listado de los proyectos de inversión pública y privada, detenidos y reactivados, con indicación de las fechas en que fueron detenidos y -más o menos- los montos de inversión considerados (ojalá por cada una de las comunas del país o, por lo menos, las de mi región). Porque;1
Q3;3. Sobre el impacto ambiental de la minería, el royalty minero, la escasez hídrica y el desarrollo de las comunidades del norte, ¿qué diferencias se observan entre lo que plantean quienes representan distritos con comunas mineras y quienes representan zonas sin actividad minera?;2_GraphRAG;2;i62739;El señor KUSCHEL.- Gracias, señor Presidente.<br/>Quiero partir agradeciendo la exposición de la señora ministra y también hacer algunas preguntas, un poquito cargadas de afirmaciones.<br/>En primer lugar, quiero solicitar un listado de los proyectos de inversión pública y privada, detenidos y reactivados, con indicación de las fechas en que fueron detenidos y -más o menos- los montos de inversión considerados (ojalá por cada una de las comunas del país o, por lo menos, las de mi región). Porque;1
Q3;3. Sobre el impacto ambiental de la minería, el royalty minero, la escasez hídrica y el desarrollo de las comunidades del norte, ¿qué diferencias se observan entre lo que plantean quienes representan distritos con comunas mineras y quienes representan zonas sin actividad minera?;2_GraphRAG;3;i54966;mineras de la zona norte, alejados de sus familias. Si bien son actividades rentables, el contacto familiar se va perdiendo, a pesar de que supuestamente este gobierno ha tratado de fomentar que exista un mayor relacionamiento entre los integrantes de las familias y mejores incentivos para la contratación de mujeres. Creo que algo se avanza con este proyecto, sin embargo, en la Región de La Araucanía tenemos serios problemas, porque nadie querrá invertir ni utilizar este tipo de iniciativas si l;4
Q3;3. Sobre el impacto ambiental de la minería, el royalty minero, la escasez hídrica y el desarrollo de las comunidades del norte, ¿qué diferencias se observan entre lo que plantean quienes representan distritos con comunas mineras y quienes representan zonas sin actividad minera?;2_GraphRAG;4;i56036;Señorita Presidenta, la discusión sobre la regulación de la extracción de áridos no es un tema menor ni meramente técnico, es una cuestión de orden territorial, de protección ambiental y de justicia para con las comunidades que por años han cargado con las consecuencias de una actividad poco fiscalizada. En muchas comunas -lo digo con fuerza- de regiones como la del Biobío, la extracción de áridos se ha desarrollado sin reglas claras, lo que ha generado deterioro en los ríos, afectaciones en las;3
Q3;3. Sobre el impacto ambiental de la minería, el royalty minero, la escasez hídrica y el desarrollo de las comunidades del norte, ¿qué diferencias se observan entre lo que plantean quienes representan distritos con comunas mineras y quienes representan zonas sin actividad minera?;2_GraphRAG;5;i55106;Señor Presidente, cuando hablamos de proteger y defender el medio ambiente, muchas veces se ridiculiza en esta Sala. Además, se establece una falsa dicotomía entre el progreso y la protección de los ecosistemas, como si la única posibilidad de desarrollo económico fuera la destrucción no solo del medio ambiente, sino también de las personas, porque, cuando se destruyen los ecosistemas, también se afecta la salud y la vida de comunidades pobres. Esa es la verdad, porque esto no pasa en Vitacura n;2
Q3;3. Sobre el impacto ambiental de la minería, el royalty minero, la escasez hídrica y el desarrollo de las comunidades del norte, ¿qué diferencias se observan entre lo que plantean quienes representan distritos con comunas mineras y quienes representan zonas sin actividad minera?;3_Sparse;1;;ible desde el punto de vista de los derechos constitucionales respecto del medio am- biente que debe resguardar tanto nuestra Constitución como el Ministerio del Medio Am- biente a través de la superintendencia respectiva. Pero, además de considerar en esta materia la opinión de los titulares de los proyectos im- portantes, como señalamos en la Comisión de Medio Ambiente y Recursos Naturales, es relevante que también se considere la opinión de los trabajadores, que son los que día a día, sobre t;2
Q3;3. Sobre el impacto ambiental de la minería, el royalty minero, la escasez hídrica y el desarrollo de las comunidades del norte, ¿qué diferencias se observan entre lo que plantean quienes representan distritos con comunas mineras y quienes representan zonas sin actividad minera?;3_Sparse;2;;Señor Presidente, respecto de esta iniciativa quiero manifestar que intervendré también en nombre de mi colega Ricardo Rincón, jefe de la bancada Demócrata Cristiana, diputado por el distrito 33, que comprende la comuna Machalí, donde se enclava Caletones, pues él tuvo la gentileza de cederme el uso de la palabra. Hoy tenemos la oportunidad de hacer justicia a los hombres y mujeres de Caletones, quie- nes han forjado parte de historia de la Región de O ́Higgins. Digo esto porque con la institu- ;4
Q3;3. Sobre el impacto ambiental de la minería, el royalty minero, la escasez hídrica y el desarrollo de las comunidades del norte, ¿qué diferencias se observan entre lo que plantean quienes representan distritos con comunas mineras y quienes representan zonas sin actividad minera?;3_Sparse;3;;Señora Presidenta, por su intermedio, saludo al ministro de Eco- nomía, al subsecretario de Pesca y Acuicultura y al director del Sernapesca. Si bien represento un distrito de la Región de Aysén y el problema que nos convoca afecta fundamentalmente a la de Los Lagos, no estamos exentos en mi zona de los riesgos asocia- dos, puesto que la actividad acuícola y la industria salmonera en Aysén son importantes. El rol de esa industria también es relevante en el contexto de la actividad económica naci;1
Q3;3. Sobre el impacto ambiental de la minería, el royalty minero, la escasez hídrica y el desarrollo de las comunidades del norte, ¿qué diferencias se observan entre lo que plantean quienes representan distritos con comunas mineras y quienes representan zonas sin actividad minera?;3_Sparse;4;;Médico de Chile, al presidente regional de Antofagasta del Colegio Médico de Chile, al director del Centro de Información Toxicológica de la Pontificia Universidad Católica de Chile, al director del La- boratorio de Endocrinología Experimental y Patología Ambiental, de la Facultad de Medici- na de la Universidad de Chile, y al especialista del Ministerio de Salud señor Orlando Negrón. Asimismo, escuchó a los representantes de la Federación de Funcionarios Públicos del Medio Ambiente. Los integra;5
Q3;3. Sobre el impacto ambiental de la minería, el royalty minero, la escasez hídrica y el desarrollo de las comunidades del norte, ¿qué diferencias se observan entre lo que plantean quienes representan distritos con comunas mineras y quienes representan zonas sin actividad minera?;3_Sparse;5;;Señora Presidenta, a grandes rasgos, quiero va- lorar lo manifestado por la diputada Alejandra Sepúlveda al inicio de su intervención: que podamos discutir y tratar de normar la generación de energía en nuestro país más allá de lo realizado en tal sentido hasta el momento. Sin embargo, debo señalar que tengo grandes re- paros sobre el proyecto de ley en debate, en particular respecto del texto despachado por la Comisión de Hacienda. Lamento que este proyecto -en cierta forma, ello es algo sintom;1
Q3;3. Sobre el impacto ambiental de la minería, el royalty minero, la escasez hídrica y el desarrollo de las comunidades del norte, ¿qué diferencias se observan entre lo que plantean quienes representan distritos con comunas mineras y quienes representan zonas sin actividad minera?;4_Hybrid;1;i56036;Señorita Presidenta, la discusión sobre la regulación de la extracción de áridos no es un tema menor ni meramente técnico, es una cuestión de orden territorial, de protección ambiental y de justicia para con las comunidades que por años han cargado con las consecuencias de una actividad poco fiscalizada. En muchas comunas -lo digo con fuerza- de regiones como la del Biobío, la extracción de áridos se ha desarrollado sin reglas claras, lo que ha generado deterioro en los ríos, afectaciones en las;3
Q3;3. Sobre el impacto ambiental de la minería, el royalty minero, la escasez hídrica y el desarrollo de las comunidades del norte, ¿qué diferencias se observan entre lo que plantean quienes representan distritos con comunas mineras y quienes representan zonas sin actividad minera?;4_Hybrid;2;i59010;El señor KUSCHEL.- Gracias, señor Presidente.<br/>Quiero partir agradeciendo la exposición de la señora ministra y también hacer algunas preguntas, un poquito cargadas de afirmaciones.<br/>En primer lugar, quiero solicitar un listado de los proyectos de inversión pública y privada, detenidos y reactivados, con indicación de las fechas en que fueron detenidos y -más o menos- los montos de inversión considerados (ojalá por cada una de las comunas del país o, por lo menos, las de mi región). Porque;1
Q3;3. Sobre el impacto ambiental de la minería, el royalty minero, la escasez hídrica y el desarrollo de las comunidades del norte, ¿qué diferencias se observan entre lo que plantean quienes representan distritos con comunas mineras y quienes representan zonas sin actividad minera?;4_Hybrid;3;i55106;Señor Presidente, cuando hablamos de proteger y defender el medio ambiente, muchas veces se ridiculiza en esta Sala. Además, se establece una falsa dicotomía entre el progreso y la protección de los ecosistemas, como si la única posibilidad de desarrollo económico fuera la destrucción no solo del medio ambiente, sino también de las personas, porque, cuando se destruyen los ecosistemas, también se afecta la salud y la vida de comunidades pobres. Esa es la verdad, porque esto no pasa en Vitacura n;2
Q3;3. Sobre el impacto ambiental de la minería, el royalty minero, la escasez hídrica y el desarrollo de las comunidades del norte, ¿qué diferencias se observan entre lo que plantean quienes representan distritos con comunas mineras y quienes representan zonas sin actividad minera?;4_Hybrid;4;i54966;mineras de la zona norte, alejados de sus familias. Si bien son actividades rentables, el contacto familiar se va perdiendo, a pesar de que supuestamente este gobierno ha tratado de fomentar que exista un mayor relacionamiento entre los integrantes de las familias y mejores incentivos para la contratación de mujeres. Creo que algo se avanza con este proyecto, sin embargo, en la Región de La Araucanía tenemos serios problemas, porque nadie querrá invertir ni utilizar este tipo de iniciativas si l;4
Q3;3. Sobre el impacto ambiental de la minería, el royalty minero, la escasez hídrica y el desarrollo de las comunidades del norte, ¿qué diferencias se observan entre lo que plantean quienes representan distritos con comunas mineras y quienes representan zonas sin actividad minera?;4_Hybrid;5;i60450;<br/>La señora SEPÚLVEDA.- Gracias, Presidente.<br/>A mí me gustaría que el ministro explicara y precisara bien los alcances de este título.<br/>Nosotros sostuvimos hace algún tiempo una reunión con el ministro, la subsecretaria y los alcaldes del cono norte de la región de O'Higgins, donde han ocurrido situaciones muy complejas, sobre todo en los sectores rurales, y precisamente se rescataba no solo la función de este consejo, sino además el rol de la comunidad organizada.<br/>Entonces, quisier;1
Q4;4. En materia de migración irregular, expulsión de extranjeros, crisis migratoria en la frontera norte y seguridad fronteriza, ¿qué posturas defienden los distintos partidos políticos y en qué se contraponen entre sí?;1_Dense;1;i61173;s de corredor humanitario es poco viable, complejo, se requiere coordinación con distintos países. Uno de nuestros vecinos ya dijo que no está muy de acuerdo.<br/>Bueno, eso va a ser difícil.<br/>Es fácil vender humo en período de elecciones, pero otra cosa es chocar con la realidad compleja con la que se va a enfrentar en marzo, donde no hay una varita mágica.<br/>¿Cuál va a ser el plan? ¿Cuántas personas va a expulsar? ¿Por dónde? ¿A dónde las va a ir a dejar? ¿Cuál va a ser la situación con V;7
Q4;4. En materia de migración irregular, expulsión de extranjeros, crisis migratoria en la frontera norte y seguridad fronteriza, ¿qué posturas defienden los distintos partidos políticos y en qué se contraponen entre sí?;1_Dense;2;i65103;s de corredor humanitario es poco viable, complejo, se requiere coordinación con distintos países. Uno de nuestros vecinos ya dijo que no está muy de acuerdo.<br/>Bueno, eso va a ser difícil.<br/>Es fácil vender humo en período de elecciones, pero otra cosa es chocar con la realidad compleja con la que se va a enfrentar en marzo, donde no hay una varita mágica.<br/>¿Cuál va a ser el plan? ¿Cuántas personas va a expulsar? ¿Por dónde? ¿A dónde las va a ir a dejar? ¿Cuál va a ser la situación con V;7
Q4;4. En materia de migración irregular, expulsión de extranjeros, crisis migratoria en la frontera norte y seguridad fronteriza, ¿qué posturas defienden los distintos partidos políticos y en qué se contraponen entre sí?;1_Dense;3;i60707;La señora PASCUAL.- Gracias, Presidente.<br/>Yo quisiera plantear algunos temas que me parece importante rescatar en esta moción.<br/>El primero de ellos tiene que ver con poder resguardar el tratar de construir y colaborar a ideas programáticas que se reflejen en partidos políticos. Y ojalá, en lo posible, esos partidos políticos sean fuertes también desde el punto de vista programático, con propuestas de país en ese ámbito.<br/>Y también tiene que respetarse la diversidad.<br/>Creo que hay una;1
Q4;4. En materia de migración irregular, expulsión de extranjeros, crisis migratoria en la frontera norte y seguridad fronteriza, ¿qué posturas defienden los distintos partidos políticos y en qué se contraponen entre sí?;1_Dense;4;i64604;La señora PASCUAL.- Gracias, Presidente.<br/>Yo quisiera plantear algunos temas que me parece importante rescatar en esta moción.<br/>El primero de ellos tiene que ver con poder resguardar el tratar de construir y colaborar a ideas programáticas que se reflejen en partidos políticos. Y ojalá, en lo posible, esos partidos políticos sean fuertes también desde el punto de vista programático, con propuestas de país en ese ámbito.<br/>Y también tiene que respetarse la diversidad.<br/>Creo que hay una;1
Q4;4. En materia de migración irregular, expulsión de extranjeros, crisis migratoria en la frontera norte y seguridad fronteriza, ¿qué posturas defienden los distintos partidos políticos y en qué se contraponen entre sí?;1_Dense;5;i60756;La señora EBENSPERGER.- Gracias, Presidente.<br/>Decía el senador que me antecedió en el uso de la palabra que frente a este problema de la fragmentación de nuestro sistema político existen dos proyectos: este, presentado por el Ejecutivo, y una reforma constitucional formulada de manera transversal y aprobada por este Senado, que hoy día se está tramitando en la Cámara de Diputados, a la que esperamos, despachado este proyecto por el Senado, se le ponga urgencia por el Ejecutivo, a fin de avanz;1
Q4;4. En materia de migración irregular, expulsión de extranjeros, crisis migratoria en la frontera norte y seguridad fronteriza, ¿qué posturas defienden los distintos partidos políticos y en qué se contraponen entre sí?;2_GraphRAG;1;i61173;s de corredor humanitario es poco viable, complejo, se requiere coordinación con distintos países. Uno de nuestros vecinos ya dijo que no está muy de acuerdo.<br/>Bueno, eso va a ser difícil.<br/>Es fácil vender humo en período de elecciones, pero otra cosa es chocar con la realidad compleja con la que se va a enfrentar en marzo, donde no hay una varita mágica.<br/>¿Cuál va a ser el plan? ¿Cuántas personas va a expulsar? ¿Por dónde? ¿A dónde las va a ir a dejar? ¿Cuál va a ser la situación con V;7
Q4;4. En materia de migración irregular, expulsión de extranjeros, crisis migratoria en la frontera norte y seguridad fronteriza, ¿qué posturas defienden los distintos partidos políticos y en qué se contraponen entre sí?;2_GraphRAG;2;i60707;La señora PASCUAL.- Gracias, Presidente.<br/>Yo quisiera plantear algunos temas que me parece importante rescatar en esta moción.<br/>El primero de ellos tiene que ver con poder resguardar el tratar de construir y colaborar a ideas programáticas que se reflejen en partidos políticos. Y ojalá, en lo posible, esos partidos políticos sean fuertes también desde el punto de vista programático, con propuestas de país en ese ámbito.<br/>Y también tiene que respetarse la diversidad.<br/>Creo que hay una;1
Q4;4. En materia de migración irregular, expulsión de extranjeros, crisis migratoria en la frontera norte y seguridad fronteriza, ¿qué posturas defienden los distintos partidos políticos y en qué se contraponen entre sí?;2_GraphRAG;3;i60756;La señora EBENSPERGER.- Gracias, Presidente.<br/>Decía el senador que me antecedió en el uso de la palabra que frente a este problema de la fragmentación de nuestro sistema político existen dos proyectos: este, presentado por el Ejecutivo, y una reforma constitucional formulada de manera transversal y aprobada por este Senado, que hoy día se está tramitando en la Cámara de Diputados, a la que esperamos, despachado este proyecto por el Senado, se le ponga urgencia por el Ejecutivo, a fin de avanz;1
Q4;4. En materia de migración irregular, expulsión de extranjeros, crisis migratoria en la frontera norte y seguridad fronteriza, ¿qué posturas defienden los distintos partidos políticos y en qué se contraponen entre sí?;2_GraphRAG;4;i58981;El señor INSULZA.- Gracias, Presidente.<br/>La verdad es que estas discusiones que tenemos cada cierto tiempo, que son obligatorias, las ve mucha gente. Y yo estoy seguro, ¡seguro!, a partir de lo que he oído acá, de que los jefes del crimen organizado las escuchan con entusiasmo, porque ven a un grupo de personas del mundo político completamente fraccionado, que se agreden unas a otras en lugar de llegar a acuerdos y dicen: ́No le acepto, ¡no le acepto! ́. ¿A quién no le aceptan? ¿A ellos o a s;2
Q4;4. En materia de migración irregular, expulsión de extranjeros, crisis migratoria en la frontera norte y seguridad fronteriza, ¿qué posturas defienden los distintos partidos políticos y en qué se contraponen entre sí?;2_GraphRAG;5;i54317;ambién continuará en la línea de su partido de rechazar los estados de excepción para que la gente viva en paz? En la macrozona sur siguen quemando iglesias, atacando carabineros, quemando herra- mientas de trabajo y ahora secuestrando. ¿Hasta cuándo? ¿Hasta dónde? Porque el gobierno...;1
Q4;4. En materia de migración irregular, expulsión de extranjeros, crisis migratoria en la frontera norte y seguridad fronteriza, ¿qué posturas defienden los distintos partidos políticos y en qué se contraponen entre sí?;3_Sparse;1;;de Extranjería de la Gobernación de Antofa- gasta, que reúna las condiciones mínimas que permitan atender dignamente a los extranjeros que solicitan diversos documentos, como visas transitorias o las certificaciones que exige la Ley de Extranjería. Asimismo, solicito al ministro del Interior que disponga que se incremente la dotación de funcionarios que cumple labores en el Departamento de Extranjería de la Policía de Investi- gaciones en Antofagasta, en atención a que en la actualidad solo un n;6
Q4;4. En materia de migración irregular, expulsión de extranjeros, crisis migratoria en la frontera norte y seguridad fronteriza, ¿qué posturas defienden los distintos partidos políticos y en qué se contraponen entre sí?;3_Sparse;2;;causa de la pobreza, ha contribuido en medida determinante a la emigración de personas de distintos países hacia Chile. En efecto, de acuerdo al departamento de Extranje- ría del Ministerio del Interior, en Chile viven 352.344 extranjeros, de los cuales los colecti- vos de mayor importancia son los peruanos, 37,1 por ciento, argentinos, 17,2 por ciento, y bolivianos, 6,8 por ciento. Además de reconocer lo anterior, el proyecto busca extirpar de nuestra sociedad la dis- criminación y el racismo, ;6
Q4;4. En materia de migración irregular, expulsión de extranjeros, crisis migratoria en la frontera norte y seguridad fronteriza, ¿qué posturas defienden los distintos partidos políticos y en qué se contraponen entre sí?;3_Sparse;3;;Señor Presidente, la Región de Antofagasta -lo mismo ocurre en Ari- ca e Iquique- se está viendo afectada por la alta tasa de migración, principalmente de extran- jeros provenientes desde Colombia. En varias ocasiones nos reunimos con el Presidente de la República, señor Sebastián Piñera y, en su momento, con el entonces ministro del Interior, señor Rodrigo Hinzpeter, para plantearles la necesidad de que se dicte una nueva Ley de Extranjería que regule el ingreso, salida y permanencia de los ext;7
Q4;4. En materia de migración irregular, expulsión de extranjeros, crisis migratoria en la frontera norte y seguridad fronteriza, ¿qué posturas defienden los distintos partidos políticos y en qué se contraponen entre sí?;3_Sparse;4;;un país donde este tema se persiga. A juicio de los patrocinantes, la aludida Convención requiere de parte de Chile un recono- cimiento más intenso, en términos de retribuir la solidaridad de no pocos países que cobija- ron desinteresadamente a miles de compatriotas expulsados por razones políticas. Esta inicia- tiva, por lo tanto, es también un acto de reconocimiento del Chile democrático a diversas naciones, dentro del continente y fuera de este. Según el informe del Alto Comisionado de las Na;2
Q4;4. En materia de migración irregular, expulsión de extranjeros, crisis migratoria en la frontera norte y seguridad fronteriza, ¿qué posturas defienden los distintos partidos políticos y en qué se contraponen entre sí?;3_Sparse;5;;democrática a los países son justamente las coaliciones grandes e importantes. Ello, sin desechar los partidos minoritarios. Pero no podemos trans- formar partidos minoritarios en minúsculos, restringidos a una base muy pequeña de militan- cia y, muchas veces, amparados en el liderazgo de una o dos personas, sin mayor base. Por eso, me parece que el 0,5 por ciento es la cifra adecuada, es la base sobre la cual nos constituimos todos los partidos. Además, con este proyecto estamos agregando un el;1
Q4;4. En materia de migración irregular, expulsión de extranjeros, crisis migratoria en la frontera norte y seguridad fronteriza, ¿qué posturas defienden los distintos partidos políticos y en qué se contraponen entre sí?;4_Hybrid;1;i61173;s de corredor humanitario es poco viable, complejo, se requiere coordinación con distintos países. Uno de nuestros vecinos ya dijo que no está muy de acuerdo.<br/>Bueno, eso va a ser difícil.<br/>Es fácil vender humo en período de elecciones, pero otra cosa es chocar con la realidad compleja con la que se va a enfrentar en marzo, donde no hay una varita mágica.<br/>¿Cuál va a ser el plan? ¿Cuántas personas va a expulsar? ¿Por dónde? ¿A dónde las va a ir a dejar? ¿Cuál va a ser la situación con V;7
Q4;4. En materia de migración irregular, expulsión de extranjeros, crisis migratoria en la frontera norte y seguridad fronteriza, ¿qué posturas defienden los distintos partidos políticos y en qué se contraponen entre sí?;4_Hybrid;2;i60707;La señora PASCUAL.- Gracias, Presidente.<br/>Yo quisiera plantear algunos temas que me parece importante rescatar en esta moción.<br/>El primero de ellos tiene que ver con poder resguardar el tratar de construir y colaborar a ideas programáticas que se reflejen en partidos políticos. Y ojalá, en lo posible, esos partidos políticos sean fuertes también desde el punto de vista programático, con propuestas de país en ese ámbito.<br/>Y también tiene que respetarse la diversidad.<br/>Creo que hay una;1
Q4;4. En materia de migración irregular, expulsión de extranjeros, crisis migratoria en la frontera norte y seguridad fronteriza, ¿qué posturas defienden los distintos partidos políticos y en qué se contraponen entre sí?;4_Hybrid;3;i60756;La señora EBENSPERGER.- Gracias, Presidente.<br/>Decía el senador que me antecedió en el uso de la palabra que frente a este problema de la fragmentación de nuestro sistema político existen dos proyectos: este, presentado por el Ejecutivo, y una reforma constitucional formulada de manera transversal y aprobada por este Senado, que hoy día se está tramitando en la Cámara de Diputados, a la que esperamos, despachado este proyecto por el Senado, se le ponga urgencia por el Ejecutivo, a fin de avanz;1
Q4;4. En materia de migración irregular, expulsión de extranjeros, crisis migratoria en la frontera norte y seguridad fronteriza, ¿qué posturas defienden los distintos partidos políticos y en qué se contraponen entre sí?;4_Hybrid;4;i57768;La señora EBENSPERGER.- Gracias, Presidente.<br/>Quiero manifestar mi preocupación por una situación que se está haciendo cada día más evidente: mientras el país enfrenta una grave crisis migratoria sin precedentes, continúan ingresando ciudadanos extranjeros a territorio nacional bajo la figura de reunificación familiar, además de todos los que lo hacen clandestinamente, sin que exista claridad ni transparencia respecto a los criterios que se están aplicando para ingresar por esa causal.<br/>Ac;7
Q4;4. En materia de migración irregular, expulsión de extranjeros, crisis migratoria en la frontera norte y seguridad fronteriza, ¿qué posturas defienden los distintos partidos políticos y en qué se contraponen entre sí?;4_Hybrid;5;i60772;políticos para robustecer la democracia, para fortalecer la representatividad.<br/>Por lo tanto, votaremos a favor de como vienen planteadas estas normas por dicha instancia y en contra de lo que se pretende con las solicitudes de votación separada.<br/>He dicho.<br/>Muchas gracias.<br/>;1
Q5;5. Identifica las intervenciones en que se mencionan de forma explícita el “CAE” (Crédito con Aval del Estado), la “condonación” de la deuda educativa y el nuevo “FES” (Financiamiento para la Educación Superior); ¿en qué contextos aparecen exactamente estos términos?;1_Dense;1;i54542;Señor Presidente, saludo a todos los estudiantes que asisten a esta sesión representando a sus diferentes organizaciones. Hoy estamos frente a un debate histórico: una deuda que se arrastra en nuestro país, o que arrastra a miles de estudiantes y familias que se vieron obligadas a endeudarse para poder estudiar. El proyecto que crea el Fondo de Financiamiento para la Educación Superior (FES), y que pone fin al Crédito con Aval del Estado (CAE), es una respuesta concreta a una de las demandas más;7
Q5;5. Identifica las intervenciones en que se mencionan de forma explícita el “CAE” (Crédito con Aval del Estado), la “condonación” de la deuda educativa y el nuevo “FES” (Financiamiento para la Educación Superior); ¿en qué contextos aparecen exactamente estos términos?;1_Dense;2;i54520;financiamiento para la educación superior (FES) busca reemplazar los créditos estudiantiles (como el CAE o el fondo solidario), beneficiando a los estudiantes que lo necesiten, quienes deben matricularse en una institución adscrita al nuevo instrumento y solicitar el beneficio con el compromiso de retribuir una vez insertos en el mercado laboral. También pueden acceder los estudiantes que se encuentren actualmente financiando su educación superior a través del CAE o del fondo solidario. El FES r;7
Q5;5. Identifica las intervenciones en que se mencionan de forma explícita el “CAE” (Crédito con Aval del Estado), la “condonación” de la deuda educativa y el nuevo “FES” (Financiamiento para la Educación Superior); ¿en qué contextos aparecen exactamente estos términos?;1_Dense;3;i54520;condonación de deudas educativas, sin embargo, hubo divergencias en cuanto al nuevo instrumento de financiamiento público para la educación superior. Los diputados que manifestaron una postura contraria al fondo de educación superior (FES), que busca reemplazar al CAE, criticaron la falta de claridad sobre la deuda, la imposibilidad de prepago, la obligación de endeudarse completamente y que el sistema se asemeja más a un impuesto que a un crédito, ya que el pago se basa en los ingresos y no en ;7
Q5;5. Identifica las intervenciones en que se mencionan de forma explícita el “CAE” (Crédito con Aval del Estado), la “condonación” de la deuda educativa y el nuevo “FES” (Financiamiento para la Educación Superior); ¿en qué contextos aparecen exactamente estos términos?;1_Dense;4;i54551;Señor Presidente, hoy por fin estamos discutiendo el término de uno de los mecanismos más injustos que ha tenido nuestro país: el Crédito con Aval del Estado, un sistema que en vez de garantizar el derecho a la educación hipotecó la vida de cientos de miles de familias, obligándolas a endeudarse con bancos que lucraron con sus sueños y proyectos de vida. ¡Esa es la verdad! El CAE no solo significó un dolor de cabeza para generaciones de estudiantes, sino que también fue ineficiente con el Estado;7
Q5;5. Identifica las intervenciones en que se mencionan de forma explícita el “CAE” (Crédito con Aval del Estado), la “condonación” de la deuda educativa y el nuevo “FES” (Financiamiento para la Educación Superior); ¿en qué contextos aparecen exactamente estos términos?;1_Dense;5;i54530;Señor Presidente, creo que es urgente poner fin al CAE, porque ha significado un despilfarro de recursos estatales, ha endeudado a millones de familias chilenas y ha generado un gran estrés financiero para las instituciones de educación superior. Este proyecto responde a la necesidad de contar con un instrumento de financiamiento estudiantil más eficiente, responsable y justo, que avance en garantizar el derecho social a la educación superior y en mejorar la recuperación de los recursos públicos;7
Q5;5. Identifica las intervenciones en que se mencionan de forma explícita el “CAE” (Crédito con Aval del Estado), la “condonación” de la deuda educativa y el nuevo “FES” (Financiamiento para la Educación Superior); ¿en qué contextos aparecen exactamente estos términos?;2_GraphRAG;1;i54542;Señor Presidente, saludo a todos los estudiantes que asisten a esta sesión representando a sus diferentes organizaciones. Hoy estamos frente a un debate histórico: una deuda que se arrastra en nuestro país, o que arrastra a miles de estudiantes y familias que se vieron obligadas a endeudarse para poder estudiar. El proyecto que crea el Fondo de Financiamiento para la Educación Superior (FES), y que pone fin al Crédito con Aval del Estado (CAE), es una respuesta concreta a una de las demandas más;7
Q5;5. Identifica las intervenciones en que se mencionan de forma explícita el “CAE” (Crédito con Aval del Estado), la “condonación” de la deuda educativa y el nuevo “FES” (Financiamiento para la Educación Superior); ¿en qué contextos aparecen exactamente estos términos?;2_GraphRAG;2;i54520;financiamiento para la educación superior (FES) busca reemplazar los créditos estudiantiles (como el CAE o el fondo solidario), beneficiando a los estudiantes que lo necesiten, quienes deben matricularse en una institución adscrita al nuevo instrumento y solicitar el beneficio con el compromiso de retribuir una vez insertos en el mercado laboral. También pueden acceder los estudiantes que se encuentren actualmente financiando su educación superior a través del CAE o del fondo solidario. El FES r;7
Q5;5. Identifica las intervenciones en que se mencionan de forma explícita el “CAE” (Crédito con Aval del Estado), la “condonación” de la deuda educativa y el nuevo “FES” (Financiamiento para la Educación Superior); ¿en qué contextos aparecen exactamente estos términos?;2_GraphRAG;3;i54520;condonación de deudas educativas, sin embargo, hubo divergencias en cuanto al nuevo instrumento de financiamiento público para la educación superior. Los diputados que manifestaron una postura contraria al fondo de educación superior (FES), que busca reemplazar al CAE, criticaron la falta de claridad sobre la deuda, la imposibilidad de prepago, la obligación de endeudarse completamente y que el sistema se asemeja más a un impuesto que a un crédito, ya que el pago se basa en los ingresos y no en ;7
Q5;5. Identifica las intervenciones en que se mencionan de forma explícita el “CAE” (Crédito con Aval del Estado), la “condonación” de la deuda educativa y el nuevo “FES” (Financiamiento para la Educación Superior); ¿en qué contextos aparecen exactamente estos términos?;2_GraphRAG;4;i54551;Señor Presidente, hoy por fin estamos discutiendo el término de uno de los mecanismos más injustos que ha tenido nuestro país: el Crédito con Aval del Estado, un sistema que en vez de garantizar el derecho a la educación hipotecó la vida de cientos de miles de familias, obligándolas a endeudarse con bancos que lucraron con sus sueños y proyectos de vida. ¡Esa es la verdad! El CAE no solo significó un dolor de cabeza para generaciones de estudiantes, sino que también fue ineficiente con el Estado;7
Q5;5. Identifica las intervenciones en que se mencionan de forma explícita el “CAE” (Crédito con Aval del Estado), la “condonación” de la deuda educativa y el nuevo “FES” (Financiamiento para la Educación Superior); ¿en qué contextos aparecen exactamente estos términos?;2_GraphRAG;5;i54530;Señor Presidente, creo que es urgente poner fin al CAE, porque ha significado un despilfarro de recursos estatales, ha endeudado a millones de familias chilenas y ha generado un gran estrés financiero para las instituciones de educación superior. Este proyecto responde a la necesidad de contar con un instrumento de financiamiento estudiantil más eficiente, responsable y justo, que avance en garantizar el derecho social a la educación superior y en mejorar la recuperación de los recursos públicos;7
Q5;5. Identifica las intervenciones en que se mencionan de forma explícita el “CAE” (Crédito con Aval del Estado), la “condonación” de la deuda educativa y el nuevo “FES” (Financiamiento para la Educación Superior); ¿en qué contextos aparecen exactamente estos términos?;3_Sparse;1;;cobrarse, pero que no significaron los mismos años de aprobación. La última clasificación involucra a aquellos deudores que terminaron sus carreras. De al- guna manera, en esta ecuación, en este coeficiente, debiéramos considerar a los estudiantes que terminaron sus carreras y cuál es la disminución del valor de ese título y la cantidad de alumnos que pueden pagar. Señor Presidente, por su intermedio, quiero decir a la señora ministra que cuando conver- samos con quienes son parte del problema y;5
Q5;5. Identifica las intervenciones en que se mencionan de forma explícita el “CAE” (Crédito con Aval del Estado), la “condonación” de la deuda educativa y el nuevo “FES” (Financiamiento para la Educación Superior); ¿en qué contextos aparecen exactamente estos términos?;3_Sparse;2;;Señor Presidente, gran parte de los cambios y perfeccionamientos introducidos por el Senado al proyecto de Ley de Presupuestos para 2016 apuntan en la dirección correcta. Respecto de la partida de Educación, el financiamiento de la educación pública y resolver la deuda que tienen las municipalidades es un tema por todos conocido. Al respecto, creemos que debe implementarse una política pública que resuelva definitivamente la falta de finan- ciamiento en educación que tienen las municipalidades. ;2
Q5;5. Identifica las intervenciones en que se mencionan de forma explícita el “CAE” (Crédito con Aval del Estado), la “condonación” de la deuda educativa y el nuevo “FES” (Financiamiento para la Educación Superior); ¿en qué contextos aparecen exactamente estos términos?;3_Sparse;3;;Señor Presidente, el tratamiento de este proyecto de ley se ha dado en una forma no esperada. Creemos que la política de gratuidad debió haberse tratado con mayor detalle y profundidad. Con todo, finalmente se ha logrado un buen proyecto de ley conforme fue tramitándose. Considero que nos ayudó el hecho de que el fallo del Tribunal Constitucional no discriminó arbitrariamente a los alumnos vulnerables, que era nuestra principal preocupación. Me refie- ro a los alumnos con escasez de recursos, co;3
Q5;5. Identifica las intervenciones en que se mencionan de forma explícita el “CAE” (Crédito con Aval del Estado), la “condonación” de la deuda educativa y el nuevo “FES” (Financiamiento para la Educación Superior); ¿en qué contextos aparecen exactamente estos términos?;3_Sparse;4;;Señor Presidente, al comenzar mi interven- ción quiero contar la historia de una familia de la comuna de San Vicente de Tagua Tagua, cuyo hijo, con el aval de su padre, pidió un crédito al BancoEstado hace un año y medio. El joven, por diversas razones, no pudo pagar el crédito. Sobre el particular, nos hemos reunido con los ejecutivos del banco para tratar de llegar a un acuerdo, de manera de evitar el remate del bien raíz de esa familia. ¿Cómo un bien tan preciado por las familias, su hogar, s;4
Q5;5. Identifica las intervenciones en que se mencionan de forma explícita el “CAE” (Crédito con Aval del Estado), la “condonación” de la deuda educativa y el nuevo “FES” (Financiamiento para la Educación Superior); ¿en qué contextos aparecen exactamente estos términos?;3_Sparse;5;;Señor Presidente, al analizar el tratamiento de es- te proyecto en el Senado, quiero retrotraer la reflexión a la discusión que se produjo en la Cámara de Diputados. El gobierno de la Presidenta Michelle Bachelet comprometió una cantidad importante de recursos para el fortalecimiento de la educación pública. Por eso, nos pareció valioso que en el proyecto de Ley de Presupuestos se destinara una cantidad importante de recursos para ayudar a esa educación. Esos recursos deben focalizarse en benefi;2
Q5;5. Identifica las intervenciones en que se mencionan de forma explícita el “CAE” (Crédito con Aval del Estado), la “condonación” de la deuda educativa y el nuevo “FES” (Financiamiento para la Educación Superior); ¿en qué contextos aparecen exactamente estos términos?;4_Hybrid;1;i54530;Señor Presidente, creo que es urgente poner fin al CAE, porque ha significado un despilfarro de recursos estatales, ha endeudado a millones de familias chilenas y ha generado un gran estrés financiero para las instituciones de educación superior. Este proyecto responde a la necesidad de contar con un instrumento de financiamiento estudiantil más eficiente, responsable y justo, que avance en garantizar el derecho social a la educación superior y en mejorar la recuperación de los recursos públicos;7
Q5;5. Identifica las intervenciones en que se mencionan de forma explícita el “CAE” (Crédito con Aval del Estado), la “condonación” de la deuda educativa y el nuevo “FES” (Financiamiento para la Educación Superior); ¿en qué contextos aparecen exactamente estos términos?;4_Hybrid;2;i54530;que cursen sus estudios con FES y provengan de los nueve primeros deciles de ingresos, mientras la duración de sus estudios se mantenga dentro del período comprendido en la duración formal de la carrera, más un año adicional. Sin este artículo no se consideraría límite alguno a los cobros hechos a los estudiantes, cualquiera sea su nivel socioeconómico. Entonces, de aprobarse este proyecto, entregaría un alivio a millones de familias. Por último, el FES significa certeza para los estudiantes, es;7
Q5;5. Identifica las intervenciones en que se mencionan de forma explícita el “CAE” (Crédito con Aval del Estado), la “condonación” de la deuda educativa y el nuevo “FES” (Financiamiento para la Educación Superior); ¿en qué contextos aparecen exactamente estos términos?;4_Hybrid;3;i54520;condonación de deudas educativas, sin embargo, hubo divergencias en cuanto al nuevo instrumento de financiamiento público para la educación superior. Los diputados que manifestaron una postura contraria al fondo de educación superior (FES), que busca reemplazar al CAE, criticaron la falta de claridad sobre la deuda, la imposibilidad de prepago, la obligación de endeudarse completamente y que el sistema se asemeja más a un impuesto que a un crédito, ya que el pago se basa en los ingresos y no en ;7
Q5;5. Identifica las intervenciones en que se mencionan de forma explícita el “CAE” (Crédito con Aval del Estado), la “condonación” de la deuda educativa y el nuevo “FES” (Financiamiento para la Educación Superior); ¿en qué contextos aparecen exactamente estos términos?;4_Hybrid;4;i54542;Señor Presidente, saludo a todos los estudiantes que asisten a esta sesión representando a sus diferentes organizaciones. Hoy estamos frente a un debate histórico: una deuda que se arrastra en nuestro país, o que arrastra a miles de estudiantes y familias que se vieron obligadas a endeudarse para poder estudiar. El proyecto que crea el Fondo de Financiamiento para la Educación Superior (FES), y que pone fin al Crédito con Aval del Estado (CAE), es una respuesta concreta a una de las demandas más;7
Q5;5. Identifica las intervenciones en que se mencionan de forma explícita el “CAE” (Crédito con Aval del Estado), la “condonación” de la deuda educativa y el nuevo “FES” (Financiamiento para la Educación Superior); ¿en qué contextos aparecen exactamente estos términos?;4_Hybrid;5;i54520;financiamiento para la educación superior (FES) busca reemplazar los créditos estudiantiles (como el CAE o el fondo solidario), beneficiando a los estudiantes que lo necesiten, quienes deben matricularse en una institución adscrita al nuevo instrumento y solicitar el beneficio con el compromiso de retribuir una vez insertos en el mercado laboral. También pueden acceder los estudiantes que se encuentren actualmente financiando su educación superior a través del CAE o del fondo solidario. El FES r;7
Q6;6. ¿Cómo se ha discutido el uso de la fuerza policial y la legítima defensa de Carabineros, en particular en aquellas intervenciones que se refieren específicamente a la Ley Naín-Retamal?;1_Dense;1;i57949;El señor COLOMA.- Gracias, Presidente.<br/>Admitamos que esta ha sido una forma un poco extraña de enfrentar la tramitación del proyecto, porque estamos en la discusión en particular, pero volvemos a la lógica en general. Si queremos avanzar, me gustaría ir al tema de fondo.<br/>Quiero hacer dos comentarios respecto de las intervenciones. La verdad es que no iba a hablar, pero me incentivé.<br/>Uno, respecto de lo que planteó la senadora Pascual en relación con la Ley Nain-Retamal creo que fue m;7
Q6;6. ¿Cómo se ha discutido el uso de la fuerza policial y la legítima defensa de Carabineros, en particular en aquellas intervenciones que se refieren específicamente a la Ley Naín-Retamal?;1_Dense;2;i61610;El señor COLOMA.- Gracias, Presidente.<br/>Admitamos que esta ha sido una forma un poco extraña de enfrentar la tramitación del proyecto, porque estamos en la discusión en particular, pero volvemos a la lógica en general. Si queremos avanzar, me gustaría ir al tema de fondo.<br/>Quiero hacer dos comentarios respecto de las intervenciones. La verdad es que no iba a hablar, pero me incentivé.<br/>Uno, respecto de lo que planteó la senadora Pascual en relación con la Ley Nain-Retamal creo que fue m;7
Q6;6. ¿Cómo se ha discutido el uso de la fuerza policial y la legítima defensa de Carabineros, en particular en aquellas intervenciones que se refieren specifically a la Ley Naín-Retamal?;1_Dense;3;i57943;La señora PASCUAL.- Gracias, Presidente.<br/>Yo solicité algunas votaciones por separado, en que voy a argumentar después cuando nos den la palabra específicamente, pero quiero referirme a tres temas vinculados con algunas de esas solicitudes.<br/>Lo primero tiene que ver con la distinción entre los principios y los deberes que esta legislación tiene.<br/>¿Y por qué quiero hacer distinción en aquello? Puesto que aquí, lamentablemente, habiéndose mejorado en las comisiones unidas el proyecto de l;4
Q6;6. ¿Cómo se ha discutido el uso de la fuerza policial y la legítima defensa de Carabineros, en particular en aquellas intervenciones que se refieren específicamente a la Ley Naín-Retamal?;1_Dense;4;i61604;La señora PASCUAL.- Gracias, Presidente.<br/>Yo solicité algunas votaciones por separado, en que voy a argumentar después cuando nos den la palabra específicamente, pero quiero referirme a tres temas vinculados con algunas de esas solicitudes.<br/>Lo primero tiene que ver con la distinción entre los principios y los deberes que esta legislación tiene.<br/>¿Y por qué quiero hacer distinción en aquello? Puesto que aquí, lamentablemente, habiéndose mejorado en las comisiones unidas el proyecto de l;4
Q6;6. ¿Cómo se ha discutido el uso de la fuerza policial y la legítima defensa de Carabineros, en particular en aquellas intervenciones que se refieren específicamente a la Ley Naín-Retamal?;1_Dense;5;i53391;Señor Presidente, comparto lo que señaló el diputado Jaime Araya. Regular las reglas de uso de la fuerza es necesario y fundamental, principalmente, se debe amparar y cobijar el trabajo que Carabineros realiza conforme a derecho al momento en que tenga que intervenir, distinguiendo claramente el control de orden público y lo que dice relación con la persecución criminal. Como dijo el diputado Jaime Araya, en la Comisión de Seguridad Ciudadana hubo abstenciones y solo un voto en contra de todas l;7
Q6;6. ¿Cómo se ha discutido el uso de la fuerza policial y la legítima defensa de Carabineros, en particular en aquellas intervenciones que se refieren específicamente a la Ley Naín-Retamal?;2_GraphRAG;1;i57949;El señor COLOMA.- Gracias, Presidente.<br/>Admitamos que esta ha sido una forma un poco extraña de enfrentar la tramitación del proyecto, porque estamos en la discusión en particular, pero volvemos a la lógica en general. Si queremos avanzar, me gustaría ir al tema de fondo.<br/>Quiero hacer dos comentarios respecto de las intervenciones. La verdad es que no iba a hablar, pero me incentivé.<br/>Uno, respecto de lo que planteó la senadora Pascual en relación con la Ley Nain-Retamal creo que fue m;7
Q6;6. ¿Cómo se ha discutido el uso de la fuerza policial y la legítima defensa de Carabineros, en particular en aquellas intervenciones que se refieren específicamente a la Ley Naín-Retamal?;2_GraphRAG;2;i61610;El señor COLOMA.- Gracias, Presidente.<br/>Admitamos que esta ha sido una forma un poco extraña de enfrentar la tramitación del proyecto, porque estamos en la discusión en particular, pero volvemos a la lógica en general. Si queremos avanzar, me gustaría ir al tema de fondo.<br/>Quiero hacer dos comentarios respecto de las intervenciones. La verdad es que no iba a hablar, pero me incentivé.<br/>Uno, respecto de lo que planteó la senadora Pascual en relación con la Ley Nain-Retamal creo que fue m;7
Q6;6. ¿Cómo se ha discutido el uso de la fuerza policial y la legítima defensa de Carabineros, en particular en aquellas intervenciones que se refieren específicamente a la Ley Naín-Retamal?;2_GraphRAG;3;i57943;La señora PASCUAL.- Gracias, Presidente.<br/>Yo solicité algunas votaciones por separado, en que voy a argumentar después cuando nos den la palabra específicamente, pero quiero referirme a tres temas vinculados con algunas de esas solicitudes.<br/>Lo primero tiene que ver con la distinción entre los principios y los deberes que esta legislación tiene.<br/>¿Y por qué quiero hacer distinción en aquello? Puesto que aquí, lamentablemente, habiéndose mejorado en las comisiones unidas el proyecto de l;4
Q6;6. ¿Cómo se ha discutido el uso de la fuerza policial y la legítima defensa de Carabineros, en particular en aquellas intervenciones que se refieren específicamente a la Ley Naín-Retamal?;2_GraphRAG;4;i61604;La señora PASCUAL.- Gracias, Presidente.<br/>Yo solicité algunas votaciones por separado, en que voy a argumentar después cuando nos den la palabra específicamente, pero quiero referirme a tres temas vinculados con algunas de esas solicitudes.<br/>Lo primero tiene que ver con la distinción entre los principios y los deberes que esta legislación tiene.<br/>¿Y por qué quiero hacer distinción en aquello? Puesto que aquí, lamentablemente, habiéndose mejorado en las comisiones unidas el proyecto de l;4
Q6;6. ¿Cómo se ha discutido el uso de la fuerza policial y la legítima defensa de Carabineros, en particular en aquellas intervenciones que se refieren específicamente a la Ley Naín-Retamal?;2_GraphRAG;5;i53391;Señor Presidente, comparto lo que señaló el diputado Jaime Araya. Regular las reglas de uso de la fuerza es necesario y fundamental, principalmente, se debe amparar y cobijar el trabajo que Carabineros realiza conforme a derecho al momento en que tenga que intervenir, distinguiendo claramente el control de orden público y lo que dice relación con la persecución criminal. Como dijo el diputado Jaime Araya, en la Comisión de Seguridad Ciudadana hubo abstenciones y solo un voto en contra de todas l;7
Q6;6. ¿Cómo se ha discutido el uso de la fuerza policial y la legítima defensa de Carabineros, en particular en aquellas intervenciones que se refieren específicamente a la Ley Naín-Retamal?;3_Sparse;1;;Señor Presidente, quiero hacer un comentario al margen. Hoy se anunció la remoción del jefe policial responsable de la seguridad el día del evento. Para variar, cargan a Carabineros toda la responsabilidad que deberían asumir las autoridades políticas, específicamente el gobernador y el responsable del Plan Estadio Seguro. Pero, por supuesto, ellos permanecerán tranquilamente en sus cargos. Para variar, “sacan las castañas con la mano de Carabineros”. Estimados colegas, insisto en que debemos en;1
Q6;6. ¿Cómo se ha discutido el uso de la fuerza policial y la legítima defensa de Carabineros, en particular en aquellas intervenciones que se refieren específicamente a la Ley Naín-Retamal?;3_Sparse;2;;pertinentes. A Carabineros nunca se les ha sacado de la ley, tiene un rol central. Pero no por eso los clubes organizadores se van a abstraer de sus obligaciones, porque antes de la entrada en vigencia de esa ley el Estado gastaba más de 280 millones de pesos al mes por disponer se- guridad en los recintos deportivos, con la consecuente distracción de la presencia de su per- sonal en barrios y poblaciones, en los que también es necesaria. Asimismo, solicitamos el nombramiento de un general de Ca;1
Q6;6. ¿Cómo se ha discutido el uso de la fuerza policial y la legítima defensa de Carabineros, en particular en aquellas intervenciones que se refieren específicamente a la Ley Naín-Retamal?;3_Sparse;3;;Señor Presidente, quiero iniciar mis palabras haciendo un sentido homenaje y reconocimiento a la labor y lucha histórica de las organizaciones de mujeres de Chile, que inclaudicablemente han sostenido la legítima demanda de que se reconozcan sus derechos sexuales y reproductivos, en particular el relacionado con la interrupción voluntaria del embarazo. Con el legítimo respeto que me merecen las opiniones de los colegas que me antecedieron en el uso de la palabra, señalo que cuesta entender cómo ;1
Q6;6. ¿Cómo se ha discutido el uso de la fuerza policial y la legítima defensa de Carabineros, en particular en aquellas intervenciones que se refieren específicamente a la Ley Naín-Retamal?;3_Sparse;4;;párrafo sexto, nuevo, que dispone que las uni- versidades no estatales que accedan a la gratuidad deberán informar al Ministerio de Educa- ción, en el plazo de un año a contar de su recepción, respecto del uso de los recursos recibi- dos por este concepto. Sometido a votación el proyecto, tanto en general como en particular, fue aprobado por la unanimidad de los miembros de la comisión presentes. En la sesión de hoy, el Ejecutivo ingresó indicaciones al artículo único del proyecto de ley, discut;1
Q6;6. ¿Cómo se ha discutido el uso de la fuerza policial y la legítima defensa de Carabineros, en particular en aquellas intervenciones que se refieren específicamente a la Ley Naín-Retamal?;3_Sparse;5;;Señor Presidente, el segundo tema al que me voy a referir dice relación con una situación que pude constatar en un diálogo de seguridad ciudadana, organizado por mi oficina parlamentaria, con la junta de vecinos Sor Teresita de Los Andes y el Comité de Allegados Nueva Ilusión de sector Las Compañías, comuna de La Serena. En esa reunión había carabineros y constatamos varias cosas. Por ejemplo, el celular del Plan Cuadrante estuvo malo durante trece días, entre la fecha en que se echó a perder y ;2
Q6;6. ¿Cómo se ha discutido el uso de la fuerza policial y la legítima defensa de Carabineros, en particular en aquellas intervenciones que se refieren específicamente a la Ley Naín-Retamal?;4_Hybrid;1;i57949;El señor COLOMA.- Gracias, Presidente.<br/>Admitamos que esta ha sido una forma un poco extraña de enfrentar la tramitación del proyecto, porque estamos en la discusión en particular, pero volvemos a la lógica en general. Si queremos avanzar, me gustaría ir al tema de fondo.<br/>Quiero hacer dos comentarios respecto de las intervenciones. La verdad es que no iba a hablar, pero me incentivé.<br/>Uno, respecto de lo que planteó la senadora Pascual en relación con la Ley Nain-Retamal creo que fue m;7
Q6;6. ¿Cómo se ha discutido el uso de la fuerza policial y la legítima defensa de Carabineros, en particular en aquellas intervenciones que se refieren específicamente a la Ley Naín-Retamal?;4_Hybrid;2;i57943;La señora PASCUAL.- Gracias, Presidente.<br/>Yo solicité algunas votaciones por separado, en que voy a argumentar después cuando nos den la palabra específicamente, pero quiero referirme a tres temas vinculados con algunas de esas solicitudes.<br/>Lo primero tiene que ver con la distinción entre los principios y los deberes que esta legislación tiene.<br/>¿Y por qué quiero hacer distinción en aquello? Puesto que aquí, lamentablemente, habiéndose mejorado en las comisiones unidas el proyecto de l;4
Q6;6. ¿Cómo se ha discutido el uso de la fuerza policial y la legítima defensa de Carabineros, en particular en aquellas intervenciones que se refieren específicamente a la Ley Naín-Retamal?;4_Hybrid;3;i53332;Señor Presidente, luego del atentado en Cañete el 27 de abril de 2024, varios personeros, además de entregar sus condolencias a Carabineros y a sus familias, resaltaron lo importante que era fortalecer la agenda de seguridad para poder combatir el crimen organizado, el narcotráfico y, en general, la profunda crisis en la cual nos encontramos inmersos. Sobre el punto es importante tener presente que luego de la promulgación de la “ley Nain-Retamal” se consideraba que nuestras policías habían qued;7
Q6;6. ¿Cómo se ha discutido el uso de la fuerza policial y la legítima defensa de Carabineros, en particular en aquellas intervenciones que se refieren específicamente a la Ley Naín-Retamal?;4_Hybrid;4;i53391;Señor Presidente, comparto lo que señaló el diputado Jaime Araya. Regular las reglas de uso de la fuerza es necesario y fundamental, principalmente, se debe amparar y cobijar el trabajo que Carabineros realiza conforme a derecho al momento en que tenga que intervenir, distinguiendo claramente el control de orden público y lo que dice relación con la persecución criminal. Como dijo el diputado Jaime Araya, en la Comisión de Seguridad Ciudadana hubo abstenciones y solo un voto en contra de todas l;7
Q6;6. ¿Cómo se ha discutido el uso de la fuerza policial y la legítima defensa de Carabineros, en particular en aquellas intervenciones que se refieren específicamente a la Ley Naín-Retamal?;4_Hybrid;5;i55753;Señor Presidente, el objetivo de este proyecto de ley se confunde por algunos diputados que me antecedieron en el uso de la palabra, pues dijeron que autorizaba el porte de armas. Cabe aclarar que el artículo 6° de la ley N° 17.798, que Establece el Control de Armas, autoriza el porte de armas a funcionarios en servicio activos, a funcionarios en retiro y, tras una modificación reciente, también a aspirantes. ¿Qué es lo que hace este proyecto de ley? Obliga a Carabineros de Chile a entregar un a;5
Q7;7. ¿Qué proyectos de ley sobre la muerte digna, la eutanasia y los cuidados paliativos terminaron archivados, y qué se argumentó en las intervenciones asociadas a esos proyectos?;1_Dense;1;i56160;Cerrado el debate. -Con posterioridad, la Sala se pronunció sobre este proyecto de ley en los siguientes términos:;1
Q7;7. ¿Qué proyectos de ley sobre la muerte digna, la eutanasia y los cuidados paliativos terminaron archivados, y qué se argumentó en las intervenciones asociadas a esos proyectos?;1_Dense;2;i53266;y también en materia de vejez. En ese sentido, es importante no perder de vista que este es un proyecto que aborda la temática de las ferias libres, pero que es necesario fortalecer uno en materia de seguridad social y laboral. Hay que avanzar en este proyecto. Apelo a la voluntad de todos los colegas parlamenta- rios para no desinformar y sentarnos a trabajar con todos y todas. He dicho.;1
Q7;7. ¿Qué proyectos de ley sobre la muerte digna, la eutanasia y los cuidados paliativos terminaron archivados, y qué se argumentó en las intervenciones asociadas a esos proyectos?;1_Dense;3;i53981;gravemente con los enfermos de cáncer, especialmente con los de la Región de La Araucanía. Por último, quiero decir que existen listas paralelas, de manera que no se sabe cuántos pacientes están esperando, y hay cirugías que se suspenden el mismo día por razones admi- nistrativas. Sí, se suspenden por temas administrativos, mientras las personas siguen muriendo. Por eso, votaremos a favor este informe. He dicho.;3
Q7;7. ¿Qué proyectos de ley sobre la muerte digna, la eutanasia y los cuidados paliativos terminaron archivados, y qué se argumentó en las intervenciones asociadas a esos proyectos?;1_Dense;4;i60645;osa en esta materia.<br/>Dicho esto, con respecto a lo informado sobre los dos proyectos en cuestión, se deja constancia de que ambos fueron aprobados en general y en particular por la unanimidad de los miembros presentes de la Comisión, senadores Edwards, Insulza, Moreira y Kast.<br/>Es todo cuanto puedo informar, Presidente.<br/>;1
Q7;7. ¿Qué proyectos de ley sobre la muerte digna, la eutanasia y los cuidados paliativos terminaron archivados, y qué se argumentó en las intervenciones asociadas a esos proyectos?;1_Dense;5;i64542;osa en esta materia.<br/>Dicho esto, con respecto a lo informado sobre los dos proyectos en cuestión, se deja constancia de que ambos fueron aprobados en general y en particular por la unanimidad de los miembros presentes de la Comisión, senadores Edwards, Insulza, Moreira y Kast.<br/>Es todo cuanto puedo informar, Presidente.<br/>;1
Q7;7. ¿Qué proyectos de ley sobre la muerte digna, la eutanasia y los cuidados paliativos terminaron archivados, y qué se argumentó en las intervenciones asociadas a esos proyectos?;2_GraphRAG;1;i56160;Cerrado el debate. -Con posterioridad, la Sala se pronunció sobre este proyecto de ley en los siguientes términos:;1
Q7;7. ¿Qué proyectos de ley sobre la muerte digna, la eutanasia y los cuidados paliativos terminaron archivados, y qué se argumentó en las intervenciones asociadas a esos proyectos?;2_GraphRAG;2;i53266;y también en materia de vejez. En ese sentido, es importante no perder de vista que este es un proyecto que aborda la temática de las ferias libres, pero que es necesario fortalecer uno en materia de seguridad social y laboral. Hay que avanzar en este proyecto. Apelo a la voluntad de todos los colegas parlamenta- rios para no desinformar y sentarnos a trabajar con todos y todas. He dicho.;1
Q7;7. ¿Qué proyectos de ley sobre la muerte digna, la eutanasia y los cuidados paliativos terminaron archivados, y qué se argumentó en las intervenciones asociadas a esos proyectos?;2_GraphRAG;3;i53981;gravemente con los enfermos de cáncer, especialmente con los de la Región de La Araucanía. Por último, quiero decir que existen listas paralelas, de manera que no se sabe cuántos pacientes están esperando, y hay cirugías que se suspenden el mismo día por razones admi- nistrativas. Sí, se suspenden por temas administrativos, mientras las personas siguen muriendo. Por eso, votaremos a favor este informe. He dicho.;3
Q7;7. ¿Qué proyectos de ley sobre la muerte digna, la eutanasia y los cuidados paliativos terminaron archivados, y qué se argumentó en las intervenciones asociadas a esos proyectos?;2_GraphRAG;4;i60645;osa en esta materia.<br/>Dicho esto, con respecto a lo informado sobre los dos proyectos en cuestión, se deja constancia de que ambos fueron aprobados en general y en particular por la unanimidad de los miembros presentes de la Comisión, senadores Edwards, Insulza, Moreira y Kast.<br/>Es todo cuanto puedo informar, Presidente.<br/>;1
Q7;7. ¿Qué proyectos de ley sobre la muerte digna, la eutanasia y los cuidados paliativos terminaron archivados, y qué se argumentó en las intervenciones asociadas a esos proyectos?;2_GraphRAG;5;i64542;osa en esta materia.<br/>Dicho esto, con respecto a lo informado sobre los dos proyectos en cuestión, se deja constancia de que ambos fueron aprobados en general y en particular por la unanimidad de los miembros presentes de la Comisión, senadores Edwards, Insulza, Moreira y Kast.<br/>Es todo cuanto puedo informar, Presidente.<br/>;1
Q7;7. ¿Qué proyectos de ley sobre la muerte digna, la eutanasia y los cuidados paliativos terminaron archivados, y qué se argumentó en las intervenciones asociadas a esos proyectos?;3_Sparse;1;;¡Es injusto, sobre todo si se considera que se trata- ba de un proyecto que solucionaba un problema concreto! De hecho, la posibilidad de que ma- dres abrieran cuentas de ahorro en favor de sus hijos o se habría podido establecer hace diez años con el proyecto que presenté. ¿Cómo no me va a dar indignación esa situación? Por lo tanto, con el apoyo de todos mis colegas, solicito al señor Presidente pida al Presi- dente del Senado que todos los proyectos aprobados por la Cámara sean tratados por l;1
Q7;7. ¿Qué proyectos de ley sobre la muerte digna, la eutanasia y los cuidados paliativos terminaron archivados, y qué se argumentó en las intervenciones asociadas a esos proyectos?;3_Sparse;2;;aquellos cuya finalidad esencial es el abastecimiento de clientes libres o la inyección de centrales generadoras, en los polos de desarrollo se distingue un nuevo segmento de transmisión destinado a la infraestructura que permite la evacuación de la producción de la generación, y finalmente están los sistemas de interconexión interna- cional, en que se establece la obligación del coordinador de coordinar la operación técnica y económica de los sistemas de interconexión internacional. En cuanto a;1
Q7;7. ¿Qué proyectos de ley sobre la muerte digna, la eutanasia y los cuidados paliativos terminaron archivados, y qué se argumentó en las intervenciones asociadas a esos proyectos?;3_Sparse;3;;Señora Presidenta, quiero tratar de resumir un poco la historia de esta situación que enfrentamos, porque, después de escuchar a los colegas de la oposición, podría concluirse que todos somos generales después de la batalla. Los problemas medioambientales y laborales de la salmonicultura no surgen a partir de esta crisis, que ya ha provocado la muerte de 35.000 toneladas de salmones, sino que se re- monta hace largos años. Ya en 2003 y 2004, en esta misma Sala, muchas veces denuncié la forma de ;1
Q7;7. ¿Qué proyectos de ley sobre la muerte digna, la eutanasia y los cuidados paliativos terminaron archivados, y qué se argumentó en las intervenciones asociadas a esos proyectos?;3_Sparse;4;;otro de 13 semanas, del mismo modo que no hay diferencia sustancial entre un niño de cuatro años y uno de cinco. Por otro lado, con la aprobación de este proyecto de ley se favorece a las instituciones abortistas que promocionan y defienden un pretendido derecho al aborto libre, y que desde hace años se financian con los recursos de una gran multinacional del aborto que hoy es in- vestigada por el Congreso de los Estados Unidos de América por tráfico de órganos de niños abortados. ¡Reitero: por ;1
Q7;7. ¿Qué proyectos de ley sobre la muerte digna, la eutanasia y los cuidados paliativos terminaron archivados, y qué se argumentó en las intervenciones asociadas a esos proyectos?;3_Sparse;5;;Señor Presidente, seré más breve que mis colegas, dado que han si- do sumamente claros para señalar la importancia del proyecto de ley. Solo agregaré que ya estamos en diciembre, por lo que los miembros de la Comisión de Derechos Humanos y Pueblos Originarios podemos decir que durante este año hemos traba- jado en proyectos relevantes que abordan diversas temáticas de nuestra memoria como país, así como temas de futuro, con la finalidad de robustecer la democracia y despejar todo indi- cio de au;1
Q7;7. ¿Qué proyectos de ley sobre la muerte digna, la eutanasia y los cuidados paliativos terminaron archivados, y qué se argumentó en las intervenciones asociadas a esos proyectos?;4_Hybrid;1;i56160;Cerrado el debate. -Con posterioridad, la Sala se pronunció sobre este proyecto de ley en los siguientes términos:;1
Q7;7. ¿Qué proyectos de ley sobre la muerte digna, la eutanasia y los cuidados paliativos terminaron archivados, y qué se argumentó en las intervenciones asociadas a esos proyectos?;4_Hybrid;2;i55205;Señor Presidente, que este proyecto de ley tenga urgencia legislativa es un verdadero escándalo. Es priorizado a dos semanas de la elección, porque algunos buscan congraciarse con un animador de televisión. Otros, incluso, pasan sus avisos de redes sociales mencionando sus cuentas de Tik Tok. Por supuesto, esto es populismo para la galería. No son uno ni dos ni tres ni cuatro los proyectos en materia de seguridad que se encuentran en tabla esta semana, sino seis, pero ninguno ha sido priorizado.;1
Q7;7. ¿Qué proyectos de ley sobre la muerte digna, la eutanasia y los cuidados paliativos terminaron archivados, y qué se argumentó en las intervenciones asociadas a esos proyectos?;4_Hybrid;3;i53266;y también en materia de vejez. En ese sentido, es importante no perder de vista que este es un proyecto que aborda la temática de las ferias libres, pero que es necesario fortalecer uno en materia de seguridad social y laboral. Hay que avanzar en este proyecto. Apelo a la voluntad de todos los colegas parlamenta- rios para no desinformar y sentarnos a trabajar con todos y todas. He dicho.;1
Q7;7. ¿Qué proyectos de ley sobre la muerte digna, la eutanasia y los cuidados paliativos terminaron archivados, y qué se argumentó en las intervenciones asociadas a esos proyectos?;4_Hybrid;4;i60645;osa en esta materia.<br/>Dicho esto, con respecto a lo informado sobre los dos proyectos en cuestión, se deja constancia de que ambos fueron aprobados en general y en particular por la unanimidad de los miembros presentes de la Comisión, senadores Edwards, Insulza, Moreira y Kast.<br/>Es todo cuanto puedo informar, Presidente.<br/>;1
Q7;7. ¿Qué proyectos de ley sobre la muerte digna, la eutanasia y los cuidados paliativos terminaron archivados, y qué se argumentó en las intervenciones asociadas a esos proyectos?;4_Hybrid;5;i53981;gravemente con los enfermos de cáncer, especialmente con los de la Región de La Araucanía. Por último, quiero decir que existen listas paralelas, de manera que no se sabe cuántos pacientes están esperando, y hay cirugías que se suspenden el mismo día por razones admi- nistrativas. Sí, se suspenden por temas administrativos, mientras las personas siguen muriendo. Por eso, votaremos a favor este informe. He dicho.;3
Q8;8. ¿Cuál es la postura específica del Partido Comunista de Chile frente al despliegue de las Fuerzas Armadas en infraestructura crítica y las Reglas de Uso de la Fuerza (RUF) en zonas urbanas?;1_Dense;1;i53332;de las Fuerzas de Orden y Seguridad se ve en la situación de tener que hacer uso de la fuerza al cumplir funciones de control de orden público bajo distintas circunstancias que no implican una agresión directa a su persona, pero sí requieren la utilización de diferentes mecanismos disuasivos. Las reglas de uso de la fuerza aparecen como una manera bastante objetiva de poder constatar si el proceder del uniformado en cuestión fue o no acorde al derecho, para ver si hubo un correcto uso de la fuer;7
Q8;8. ¿Cuál es la postura específica del Partido Comunista de Chile frente al despliegue de las Fuerzas Armadas en infraestructura crítica y las Reglas de Uso de la Fuerza (RUF) en zonas urbanas?;1_Dense;2;i53344;Señor Presidente, hoy nos encontramos ante una encrucijada histórica en materia de seguridad pública. La sociedad chilena se enfrenta a desafíos complejos, en los que se requiere un equilibrio entre el derecho a la seguridad de todos los ciudadanos y ciudadanas, y la necesidad de proteger los principios fundamentales que rigen nuestra democracia. En ese contexto se da esta discusión sobre reglas de uso de la fuerza por parte de nuestras Fuerzas de Orden y Seguridad Pública, así como de las Fuerz;7
Q8;8. ¿Cuál es la postura específica del Partido Comunista de Chile frente al despliegue de las Fuerzas Armadas en infraestructura crítica y las Reglas de Uso de la Fuerza (RUF) en zonas urbanas?;1_Dense;3;i53346;estándares democráticos fundamentales para desempeñar su trabajo. De acuerdo con las recomendaciones y estándares internacionales, la fuerza letal puede utilizarse como último recurso, solo ante una amenaza inminente a la vida de las personas, y no para la protección de bienes materiales, instalaciones o sistemas básicos, como lo es la infraestructura crítica. En este sentido, el texto actual es un retroceso no solo porque excede el marco establecido por el derecho internacional, sino también po;7
Q8;8. ¿Cuál es la postura específica del Partido Comunista de Chile frente al despliegue de las Fuerzas Armadas en infraestructura crítica y las Reglas de Uso de la Fuerza (RUF) en zonas urbanas?;1_Dense;4;i53394;Señor Presidente, hoy nos encontramos ante un proyecto de ley fundamental para Chile, una iniciativa largamente esperada, que busca normar el uso de la fuerza por parte de las Fuerzas de Orden y Seguridad, y de las Fuerzas Armadas cuando son llamadas a resguardar el orden público. Este proyecto no solo eleva a rango legal reglas que dependen de circulares o protocolos internos, sino que también establece un marco claro y vinculante para garantizar la seguridad de todos los chilenos. Lo que esta ;7
Q8;8. ¿Cuál es la postura específica del Partido Comunista de Chile frente al despliegue de las Fuerzas Armadas en infraestructura crítica y las Reglas de Uso de la Fuerza (RUF) en zonas urbanas?;1_Dense;5;i59525;considero una medida acertada y adecuada, es necesario que primero se despache de este Congreso el proyecto de ley de reglas de uso de la fuerza (más conocido como RUF), de manera que nuestros funcionarios y mandos del Ejército tengan claridad y certeza sobre lo que un funcionario puede o no puede hacer en esta nueva labor fronteriza.<br/>Finalmente, no puedo dejar de mencionar el atentado ocurrido la noche del domingo pasado en la comuna de Ercilla, donde se registró un ataque incendiario a alg;6
Q8;8. ¿Cuál es la postura específica del Partido Comunista de Chile frente al despliegue de las Fuerzas Armadas en infraestructura crítica y las Reglas de Uso de la Fuerza (RUF) en zonas urbanas?;2_GraphRAG;1;i53332;de las Fuerzas de Orden y Seguridad se ve en la situación de tener que hacer uso de la fuerza al cumplir funciones de control de orden público bajo distintas circunstancias que no implican una agresión directa a su persona, pero sí requieren la utilización de diferentes mecanismos disuasivos. Las reglas de uso de la fuerza aparecen como una manera bastante objetiva de poder constatar si el proceder del uniformado en cuestión fue o no acorde al derecho, para ver si hubo un correcto uso de la fuer;7
Q8;8. ¿Cuál es la postura específica del Partido Comunista de Chile frente al despliegue de las Fuerzas Armadas en infraestructura crítica y las Reglas de Uso de la Fuerza (RUF) en zonas urbanas?;2_GraphRAG;2;i53344;Señor Presidente, hoy nos encontramos ante una encrucijada histórica en materia de seguridad pública. La sociedad chilena se enfrenta a desafíos complejos, en los que se requiere un equilibrio entre el derecho a la seguridad de todos los ciudadanos y ciudadanas, y la necesidad de proteger los principios fundamentales que rigen nuestra democracia. En ese contexto se da esta discusión sobre reglas de uso de la fuerza por parte de nuestras Fuerzas de Orden y Seguridad Pública, así como de las Fuerz;7
Q8;8. ¿Cuál es la postura específica del Partido Comunista de Chile frente al despliegue de las Fuerzas Armadas en infraestructura crítica y las Reglas de Uso de la Fuerza (RUF) en zonas urbanas?;2_GraphRAG;3;i53346;estándares democráticos fundamentales para desempeñar su trabajo. De acuerdo con las recomendaciones y estándares internacionales, la fuerza letal puede utilizarse como último recurso, solo ante una amenaza inminente a la vida de las personas, y no para la protección de bienes materiales, instalaciones o sistemas básicos, como lo es la infraestructura crítica. En este sentido, el texto actual es un retroceso no solo porque excede el marco establecido por el derecho internacional, sino también po;7
Q8;8. ¿Cuál es la postura específica del Partido Comunista de Chile frente al despliegue de las Fuerzas Armadas en infraestructura crítica y las Reglas de Uso de la Fuerza (RUF) en zonas urbanas?;2_GraphRAG;4;i53394;Señor Presidente, hoy nos encontramos ante un proyecto de ley fundamental para Chile, una iniciativa largamente esperada, que busca normar el uso de la fuerza por parte de las Fuerzas de Orden y Seguridad, y de las Fuerzas Armadas cuando son llamadas a resguardar el orden público. Este proyecto no solo eleva a rango legal reglas que dependen de circulares o protocolos internos, sino que también establece un marco claro y vinculante para garantizar la seguridad de todos los chilenos. Lo que esta ;7
Q8;8. ¿Cuál es la postura específica del Partido Comunista de Chile frente al despliegue de las Fuerzas Armadas en infraestructura crítica y las Reglas de Uso de la Fuerza (RUF) en zonas urbanas?;2_GraphRAG;5;i59525;considero una medida acertada y adecuada, es necesario que primero se despache de este Congreso el proyecto de ley de reglas de uso de la fuerza (más conocido como RUF), de manera que nuestros funcionarios y mandos del Ejército tengan claridad y certeza sobre lo que un funcionario puede o no puede hacer en esta nueva labor fronteriza.<br/>Finalmente, no puedo dejar de mencionar el atentado ocurrido la noche del domingo pasado en la comuna de Ercilla, donde se registró un ataque incendiario a alg;6
Q8;8. ¿Cuál es la postura específica del Partido Comunista de Chile frente al despliegue de las Fuerzas Armadas en infraestructura crítica y las Reglas de Uso de la Fuerza (RUF) en zonas urbanas?;3_Sparse;1;;Señor Presidente, hoy corresponde votar, en tercer trámite constitucional, el proyecto de ley, de mi autoría, que faculta a las Fuerzas Armadas para facilitar su infraestructura y equipamiento deportivo a los establecimientos educaciona- les y clubes deportivos. Las modificaciones que introdujo el Senado a esta iniciativa son bastante menores y más bien tienen que ver con precisiones de redacción. Se agregaron dos incisos al artículo único. Uno da cuenta de que la facultad que tendrán las Fuerza;2
Q8;8. ¿Cuál es la postura específica del Partido Comunista de Chile frente al despliegue de las Fuerzas Armadas en infraestructura crítica y las Reglas de Uso de la Fuerza (RUF) en zonas urbanas?;3_Sparse;2;;vínculo. Esa es la verdad. Nos guste o no, esa es la verdad. ¿Por qué recuerdo y agradezco a la exministra Helia Molina? Porque ella señaló con mu- cha fuerza que nuestra legislación y nuestra política pública no dan cuenta de lo que pasa con la mujer en general. Represento mayoritariamente al mundo rural, donde la situación en esta materia es muy distinta a la que se vive en zonas urbanas, ya que allí, de entre las tres causales sobre las que trata este proyecto, hay una que ocurre en forma rei;1
Q8;8. ¿Cuál es la postura específica del Partido Comunista de Chile frente al despliegue de las Fuerzas Armadas en infraestructura crítica y las Reglas de Uso de la Fuerza (RUF) en zonas urbanas?;3_Sparse;3;;Señora Presidenta, el diputado Guillermo Teillier ya anunció, a nombre de nuestra bancada, que apoyaremos con mucho entusiasmo este proyecto que regula el ejercicio del derecho a voto de los chilenos en el exterior y la forma en que lo harán, para que finalmente sea ley de la república. Ha pasado el tiempo y, afortunadamente, los temas que están directamente vinculados a un sistema democrático no solo se han visto puestos en el centro del debate, sino que, además, el Estado de Chile, a través de;1
Q8;8. ¿Cuál es la postura específica del Partido Comunista de Chile frente al despliegue de las Fuerzas Armadas en infraestructura crítica y las Reglas de Uso de la Fuerza (RUF) en zonas urbanas?;3_Sparse;4;;Señora Presidenta, agradezco a mis colegas y a la Mesa por permi- tirme intervenir en este proyecto. Solo quiero valorar que se haya llegado a un consenso con la Comisión de Defensa Na- cional, porque lo que pretende la iniciativa en comento es que no exista más eliminación de archivos en las instituciones que señala y que toda la documentación de que se trata se envíe al Archivo Nacional de Chile. En dicha comisión se diferenció bien -ello, a pesar de que yo pensaba que en la redacción de mi pr;2
Q8;8. ¿Cuál es la postura específica del Partido Comunista de Chile frente al despliegue de las Fuerzas Armadas en infraestructura crítica y las Reglas de Uso de la Fuerza (RUF) en zonas urbanas?;3_Sparse;5;;Señor Presidente, el 12 de septiembre de 2012 la Cámara de Dipu- tados rindió homenaje a la folclorista Margot Loyola, a solicitud de la bancada del Partido Comunista e Izquierda Ciudadana, el cual estuvo a cargo del diputado Lautaro Carmona. Dicho homenaje fue aprobado por la unanimidad por los representantes de todos los partidos políticos. Margot Loyola, junto con su amiga y comadre Violeta Parra, son grandes mujeres de nuestra cultura nacional, que recrean gran parte del siglo XX. Ese pequeñ;1
Q8;8. ¿Cuál es la postura específica del Partido Comunista de Chile frente al despliegue de las Fuerzas Armadas en infraestructura crítica y las Reglas de Uso de la Fuerza (RUF) en zonas urbanas?;4_Hybrid;1;i53332;de las Fuerzas de Orden y Seguridad se ve en la situación de tener que hacer uso de la fuerza al cumplir funciones de control de orden público bajo distintas circunstancias que no implican una agresión directa a su persona, pero sí requieren la utilización de diferentes mecanismos disuasivos. Las reglas de uso de la fuerza aparecen como una manera bastante objetiva de poder constatar si el proceder del uniformado en cuestión fue o no acorde al derecho, para ver si hubo un correcto uso de la fuer;7
Q8;8. ¿Cuál es la postura específica del Partido Comunista de Chile frente al despliegue de las Fuerzas Armadas en infraestructura crítica y las Reglas de Uso de la Fuerza (RUF) en zonas urbanas?;4_Hybrid;2;i53344;Señor Presidente, hoy nos encontramos ante una encrucijada histórica en materia de seguridad pública. La sociedad chilena se enfrenta a desafíos complejos, en los que se requiere un equilibrio entre el derecho a la seguridad de todos los ciudadanos y ciudadanas, y la necesidad de proteger los principios fundamentales que rigen nuestra democracia. En ese contexto se da esta discusión sobre reglas de uso de la fuerza por parte de nuestras Fuerzas de Orden y Seguridad Pública, así como de las Fuerz;7
Q8;8. ¿Cuál es la postura específica del Partido Comunista de Chile frente al despliegue de las Fuerzas Armadas en infraestructura crítica y las Reglas de Uso de la Fuerza (RUF) en zonas urbanas?;4_Hybrid;3;i53394;Señor Presidente, hoy nos encontramos ante un proyecto de ley fundamental para Chile, una iniciativa largamente esperada, que busca normar el uso de la fuerza por parte de las Fuerzas de Orden y Seguridad, y de las Fuerzas Armadas cuando son llamadas a resguardar el orden público. Este proyecto no solo eleva a rango legal reglas que dependen de circulares o protocolos internos, sino que también establece un marco claro y vinculante para garantizar la seguridad de todos los chilenos. Lo que esta ;7
Q8;8. ¿Cuál es la postura específica del Partido Comunista de Chile frente al despliegue de las Fuerzas Armadas en infraestructura crítica y las Reglas de Uso de la Fuerza (RUF) en zonas urbanas?;4_Hybrid;4;i53346;estándares democráticos fundamentales para desempeñar su trabajo. De acuerdo con las recomendaciones y estándares internacionales, la fuerza letal puede utilizarse como último recurso, solo ante una amenaza inminente a la vida de las personas, y no para la protección de bienes materiales, instalaciones o sistemas básicos, como lo es la infraestructura crítica. En este sentido, el texto actual es un retroceso no solo porque excede el marco establecido por el derecho internacional, sino también po;7
Q8;8. ¿Cuál es la postura específica del Partido Comunista de Chile frente al despliegue de las Fuerzas Armadas en infraestructura crítica y las Reglas de Uso de la Fuerza (RUF) en zonas urbanas?;4_Hybrid;5;i59525;considero una medida acertada y adecuada, es necesario que primero se despache de este Congreso el proyecto de ley de reglas de uso de la fuerza (más conocido como RUF), de manera que nuestros funcionarios y mandos del Ejército tengan claridad y certeza sobre lo que un funcionario puede o no puede hacer en esta nueva labor fronteriza.<br/>Finalmente, no puedo dejar de mencionar el atentado ocurrido la noche del domingo pasado en la comuna de Ercilla, donde se registró un ataque incendiario a alg;6
Q9;9. Identifica las intervenciones que debaten explícitamente la 'Ley Karin' y la ratificación del 'Convenio 190' de la OIT. ¿Qué exigencias preventivas específicas se mencionan para los empleadores?;1_Dense;1;i65498;La señora VODANOVIC.- Gracias, Presidenta.<br/>Quiero precisamente fundamentar la reposición que estamos solicitando, mediante una indicación de mi autoría, para incorporar un nuevo artículo 211 bis al Código del Trabajo, estableciendo la obligación de implementar cabinas de seguridad para proteger a las conductoras y los conductores del transporte público, además de incluir medidas de asistencia y reparación frente a agresiones.<br/>Quiero ser muy clara respecto del punto en discusión, porque a;2
Q9;9. Identifica las intervenciones que debaten explícitamente la 'Ley Karin' y la ratificación del 'Convenio 190' de la OIT. ¿Qué exigencias preventivas específicas se mencionan para los empleadores?;1_Dense;2;i53290;Señor Presidente, artículos 90 y siguientes.;1
Q9;9. Identifica las intervenciones que debaten explícitamente la 'Ley Karin' y la ratificación del 'Convenio 190' de la OIT. ¿Qué exigencias preventivas específicas se mencionan para los empleadores?;1_Dense;3;i58300;La señora SEPÚLVEDA.- Primero, quiero saludar al ministro del Trabajo, que se encuentra hoy con nosotros y que también nos acompañó en la discusión y en la votación de este importante nombramiento.<br/>Solo para recordar, la ley N° 20.255, que se publicó el 17 de marzo del 2008, en su artículo 66, crea el Consejo Consultivo Previsional, cuya función es asesorar al Ministerio del Trabajo y Previsión Social y al de Hacienda en las materias relacionadas con el sistema de pensiones solidarias en su ;1
Q9;9. Identifica las intervenciones que debaten explícitamente la 'Ley Karin' y la ratificación del 'Convenio 190' de la OIT. ¿Qué exigencias preventivas específicas se mencionan para los empleadores?;1_Dense;4;i61977;La señora SEPÚLVEDA.- Primero, quiero saludar al ministro del Trabajo, que se encuentra hoy con nosotros y que también nos acompañó en la discusión y en la votación de este importante nombramiento.<br/>Solo para recordar, la ley N° 20.255, que se publicó el 17 de marzo del 2008, en su artículo 66, crea el Consejo Consultivo Previsional, cuya función es asesorar al Ministerio del Trabajo y Previsión Social y al de Hacienda en las materias relacionadas con el sistema de pensiones solidarias en su ;1
Q9;9. Identifica las intervenciones que debaten explícitamente la 'Ley Karin' y la ratificación del 'Convenio 190' de la OIT. ¿Qué exigencias preventivas específicas se mencionan para los empleadores?;1_Dense;5;i53756;convicción, alejándose de la pequeña contingencia para abordar problemas estructurales del Estado. Aquí hay una muestra de que se puede trabajar en políticas públicas de manera constante e ir gradualmente conquistando mayores niveles de seguridad y certeza para nuestros trabajadores. Por eso, me parece que es vital aprobar este proyecto, pero no debemos descuidar la tarea que nos queda pendiente. He dicho.;2
Q9;9. Identifica las intervenciones que debaten explícitamente la 'Ley Karin' y la ratificación del 'Convenio 190' de la OIT. ¿Qué exigencias preventivas específicas se mencionan para los empleadores?;2_GraphRAG;1;i65498;La señora VODANOVIC.- Gracias, Presidenta.<br/>Quiero precisamente fundamentar la reposición que estamos solicitando, mediante una indicación de mi autoría, para incorporar un nuevo artículo 211 bis al Código del Trabajo, estableciendo la obligación de implementar cabinas de seguridad para proteger a las conductoras y los conductores del transporte público, además de incluir medidas de asistencia y reparación frente a agresiones.<br/>Quiero ser muy clara respecto del punto en discusión, porque a;2
Q9;9. Identifica las intervenciones que debaten explícitamente la 'Ley Karin' y la ratificación del 'Convenio 190' de la OIT. ¿Qué exigencias preventivas específicas se mencionan para los empleadores?;2_GraphRAG;2;i53290;Señor Presidente, artículos 90 y siguientes.;1
Q9;9. Identifica las intervenciones que debaten explícitamente la 'Ley Karin' y la ratificación del 'Convenio 190' de la OIT. ¿Qué exigencias preventivas específicas se mencionan para los empleadores?;2_GraphRAG;3;i58300;La señora SEPÚLVEDA.- Primero, quiero saludar al ministro del Trabajo, que se encuentra hoy con nosotros y que también nos acompañó en la discusión y en la votación de este importante nombramiento.<br/>Solo para recordar, la ley N° 20.255, que se publicó el 17 de marzo del 2008, en su artículo 66, crea el Consejo Consultivo Previsional, cuya función es asesorar al Ministerio del Trabajo y Previsión Social y al de Hacienda en las materias relacionadas con el sistema de pensiones solidarias en su ;1
Q9;9. Identifica las intervenciones que debaten explícitamente la 'Ley Karin' y la ratificación del 'Convenio 190' de la OIT. ¿Qué exigencias preventivas específicas se mencionan para los empleadores?;2_GraphRAG;4;i61977;La señora SEPÚLVEDA.- Primero, quiero saludar al ministro del Trabajo, que se encuentra hoy con nosotros y que también nos acompañó en la discusión y en la votación de este importante nombramiento.<br/>Solo para recordar, la ley N° 20.255, que se publicó el 17 de marzo del 2008, en su artículo 66, crea el Consejo Consultivo Previsional, cuya función es asesorar al Ministerio del Trabajo y Previsión Social y al de Hacienda en las materias relacionadas con el sistema de pensiones solidarias en su ;1
Q9;9. Identifica las intervenciones que debaten explícitamente la 'Ley Karin' y la ratificación del 'Convenio 190' de la OIT. ¿Qué exigencias preventivas específicas se mencionan para los empleadores?;2_GraphRAG;5;i53756;convicción, alejándose de la pequeña contingencia para abordar problemas estructurales del Estado. Aquí hay una muestra de que se puede trabajar en políticas públicas de manera constante e ir gradualmente conquistando mayores niveles de seguridad y certeza para nuestros trabajadores. Por eso, me parece que es vital aprobar este proyecto, pero no debemos descuidar la tarea que nos queda pendiente. He dicho.;2
Q9;9. Identifica las intervenciones que debaten explícitamente la 'Ley Karin' y la ratificación del 'Convenio 190' de la OIT. ¿Qué exigencias preventivas específicas se mencionan para los empleadores?;3_Sparse;1;;Señor Presidente, esta iniciativa, que modifica el Código del Trabajo, viene a poner una cuota importante de justicia a las relaciones laborales de los trabajadores sujetos a contratos por obra, faena o servicio. Antes de ser diputado, me dedicaba a la construcción. Fui obrero de la construcción - aunque con casco blanco, fui obrero de la construcción finalmente-, por lo cual sé de lo que estamos hablando: la situación de los trabajadores contratados para la ejecución de obras cuya culminación d;2
Q9;9. Identifica las intervenciones que debaten explícitamente la 'Ley Karin' y la ratificación del 'Convenio 190' de la OIT. ¿Qué exigencias preventivas específicas se mencionan para los empleadores?;3_Sparse;2;;Señor Presidente, en este debate podríamos agregar que los ma- yores parques fotovoltaicos del país están ubicados en el desierto de Atacama. Por lo tanto, después de escuchar al diputado Meza, puedo decir que no es que vayamos a tener producción de energía fotovoltaica, ya la tenemos. Hemos avanzado en esta materia. Así, por ejemplo, en la comuna de Diego de Almagro, gracias a un convenio, los habitantes tendrán a lo menos un mes de energía gratuita si se cumplen los compromisos contraídos por ;1
Q9;9. Identifica las intervenciones que debaten explícitamente la 'Ley Karin' y la ratificación del 'Convenio 190' de la OIT. ¿Qué exigencias preventivas específicas se mencionan para los empleadores?;3_Sparse;3;;respectivo diagnóstico médico. En caso de que la causal sea la de no via- bilidad del feto o embrión, se requerirá, adicionalmente al diagnóstico médico, la ratificación de un médico que detente las habilidades específicas requeridas. En el caso de que la causal de interrupción sea la de violación, junto con confirmar la concurrencia de los hechos y la edad gestacional, el equipo médico conformado para estos efectos deberá informar por escrito a la mujer o a su representante legal y a la jefatur;1
Q9;9. Identifica las intervenciones que debaten explícitamente la 'Ley Karin' y la ratificación del 'Convenio 190' de la OIT. ¿Qué exigencias preventivas específicas se mencionan para los empleadores?;3_Sparse;4;;que- rimiento cuando impugnamos la ley de Pesca, señala que no es obligatorio para el Congreso Nacional-, se utiliza como excusa la consulta a los pueblos originarios para no avanzar en hacer sustantivos los derechos que se les reconocen a los pueblos indígenas en el propio Convenio 169 de la OIT y en la Declaración de las Naciones Unidas sobre los Derechos de los Pueblos Indígenas, que hemos suscrito y ratificado como país. Me parece simplemente preocupante y lamentable. Si se quiere que no sea;3
Q9;9. Identifica las intervenciones que debaten explícitamente la 'Ley Karin' y la ratificación del 'Convenio 190' de la OIT. ¿Qué exigencias preventivas específicas se mencionan para los empleadores?;3_Sparse;5;;que deben cumplir y los mantienen permanentemente en la incertidumbre respecto de su estabilidad en el trabajo. Aquí se avanza en ese aspecto, por ejemplo, respecto de trabajadores que llevan muchos años a contrata, pues podrán ingresar a la planta municipal. También se avanza en el recono- cimiento para aquellos funcionarios que tienen la calidad de profesionales, mediante el otor- gamiento de una asignación de ese tipo. Los problemas que han afectado largamente a las trabajadoras y a los traba;1
Q9;9. Identifica las intervenciones que debaten explícitamente la 'Ley Karin' y la ratificación del 'Convenio 190' de la OIT. ¿Qué exigencias preventivas específicas se mencionan para los empleadores?;4_Hybrid;1;i65498;La señora VODANOVIC.- Gracias, Presidenta.<br/>Quiero precisamente fundamentar la reposición que estamos solicitando, mediante una indicación de mi autoría, para incorporar un nuevo artículo 211 bis al Código del Trabajo, estableciendo la obligación de implementar cabinas de seguridad para proteger a las conductoras y los conductores del transporte público, además de incluir medidas de asistencia y reparación frente a agresiones.<br/>Quiero ser muy clara respecto del punto en discusión, porque a;2
Q9;9. Identifica las intervenciones que debaten explícitamente la 'Ley Karin' y la ratificación del 'Convenio 190' de la OIT. ¿Qué exigencias preventivas específicas se mencionan para los empleadores?;4_Hybrid;2;i53290;Señor Presidente, artículos 90 y siguientes.;1
Q9;9. Identifica las intervenciones que debaten explícitamente la 'Ley Karin' y la ratificación del 'Convenio 190' de la OIT. ¿Qué exigencias preventivas específicas se mencionan para los empleadores?;4_Hybrid;3;i58300;La señora SEPÚLVEDA.- Primero, quiero saludar al ministro del Trabajo, que se encuentra hoy con nosotros y que también nos acompañó en la discusión y en la votación de este importante nombramiento.<br/>Solo para recordar, la ley N° 20.255, que se publicó el 17 de marzo del 2008, en su artículo 66, crea el Consejo Consultivo Previsional, cuya función es asesorar al Ministerio del Trabajo y Previsión Social y al de Hacienda en las materias relacionadas con el sistema de pensiones solidarias en su ;1
Q9;9. Identifica las intervenciones que debaten explícitamente la 'Ley Karin' y la ratificación del 'Convenio 190' de la OIT. ¿Qué exigencias preventivas específicas se mencionan para los empleadores?;4_Hybrid;4;i53756;convicción, alejándose de la pequeña contingencia para abordar problemas estructurales del Estado. Aquí hay una muestra de que se puede trabajar en políticas públicas de manera constante e ir gradualmente conquistando mayores niveles de seguridad y certeza para nuestros trabajadores. Por eso, me parece que es vital aprobar este proyecto, pero no debemos descuidar la tarea que nos queda pendiente. He dicho.;2
Q9;9. Identifica las intervenciones que debaten explícitamente la 'Ley Karin' y la ratificación del 'Convenio 190' de la OIT. ¿Qué exigencias preventivas específicas se mencionan para los empleadores?;4_Hybrid;5;i53492;idad que, dentro de una perspectiva de mediano plazo, nos debería insumar de mejores elementos para hablar no solamente del sueldo mínimo, porque sabemos que el sueldo mínimo no cubre las necesidades. Necesitamos avanzar en un salario vital. Por otra parte, necesitamos avanzar en la negociación ramal para que los trabajadores y trabajadoras puedan tener mejores herramientas de negociación. Por último, a quienes están tan preocupados por las pymes les digo que tenemos un subsidio que vamos a impl;2